abaddon,abyssal_underlord,alchemist,ancient_apparition,antimage,arc_warden,axe,bane,batrider,beastmaster,bloodseeker,bounty_hunter,brewmaster,bristleback,broodmother,centaur,chaos_knight,chen,clinkz,crystal_maiden,dark_seer,dark_willow,dawnbreaker,dazzle,death_prophet,disruptor,doom_bringer,dragon_knight,drow_ranger,earth_spirit,earthshaker,elder_titan,ember_spirit,enchantress,enigma,faceless_void,furion,grimstroke,gyrocopter,hoodwink,huskar,invoker,jakiro,juggernaut,keeper_of_the_light,kunkka,legion_commander,leshrac,lich,life_stealer,lina,lion,lone_druid,luna,lycan,magnataur,marci,mars,medusa,meepo,mirana,monkey_king,morphling,naga_siren,necrolyte,nevermore,night_stalker,nyx_assassin,obsidian_destroyer,ogre_magi,omniknight,oracle,pangolier,phantom_assassin,phantom_lancer,phoenix,primal_beast,puck,pudge,pugna,queenofpain,rattletrap,razor,riki,rubick,sand_king,shadow_demon,shadow_shaman,shredder,silencer,skeleton_king,skywrath_mage,slardar,slark,snapfire,sniper,spectre,spirit_breaker,storm_spirit,sven,techies,templar_assassin,terrorblade,tidehunter,tinker,tiny,treant,troll_warlord,tusk,undying,ursa,vengefulspirit,venomancer,viper,visage,void_spirit,warlock,weaver,windrunner,winter_wyvern,wisp,witch_doctor,zuus
0.0,16.0,26.0,20.0,29.0,14.0,52.0,9.0,7.0,7.0,23.0,29.0,8.0,45.0,4.0,23.0,24.0,9.0,14.0,54.0,10.0,15.0,39.0,32.0,6.0,21.0,11.0,23.0,71.0,13.0,37.0,6.0,24.0,17.0,38.0,43.0,38.0,23.0,16.0,40.0,25.0,48.0,45.0,77.0,29.0,29.0,42.0,11.0,20.0,33.0,31.0,57.0,8.0,36.0,5.0,12.0,35.0,30.0,21.0,6.0,46.0,36.0,22.0,14.0,52.0,51.0,23.0,18.0,39.0,58.0,7.0,7.0,22.0,47.0,26.0,10.0,12.0,23.0,98.0,16.0,23.0,21.0,25.0,24.0,47.0,22.0,8.0,53.0,16.0,53.0,37.0,64.0,32.0,31.0,23.0,73.0,23.0,29.0,18.0,12.0,22.0,19.0,10.0,19.0,21.0,36.0,14.0,16.0,18.0,32.0,31.0,30.0,34.0,40.0,10.0,30.0,27.0,37.0,46.0,19.0,8.0,53.0,66.0
18.0,0.0,27.0,24.0,33.0,24.0,55.0,9.0,8.0,3.0,27.0,36.0,4.0,42.0,2.0,17.0,22.0,5.0,10.0,36.0,8.0,14.0,45.0,31.0,9.0,11.0,7.0,9.0,52.0,8.0,40.0,8.0,21.0,20.0,12.0,40.0,23.0,21.0,22.0,29.0,18.0,36.0,42.0,66.0,15.0,22.0,27.0,13.0,17.0,26.0,33.0,41.0,10.0,25.0,9.0,15.0,37.0,18.0,19.0,7.0,34.0,20.0,16.0,4.0,26.0,53.0,13.0,16.0,28.0,54.0,11.0,6.0,11.0,54.0,17.0,13.0,6.0,35.0,103.0,14.0,22.0,9.0,11.0,14.0,35.0,13.0,3.0,36.0,13.0,38.0,28.0,38.0,28.0,30.0,13.0,76.0,36.0,29.0,17.0,9.0,24.0,18.0,7.0,14.0,11.0,32.0,21.0,20.0,22.0,36.0,29.0,18.0,32.0,29.0,8.0,32.0,22.0,23.0,41.0,25.0,10.0,40.0,56.0
20.0,21.0,0.0,54.0,61.0,31.0,92.0,14.0,10.0,15.0,33.0,64.0,16.0,96.0,6.0,34.0,44.0,5.0,20.0,77.0,14.0,33.0,101.0,64.0,22.0,32.0,21.0,23.0,100.0,25.0,52.0,9.0,28.0,32.0,41.0,77.0,47.0,36.0,37.0,60.0,53.0,96.0,81.0,143.0,39.0,49.0,76.0,22.0,38.0,47.0,65.0,100.0,27.0,57.0,13.0,30.0,63.0,28.0,29.0,13.0,63.0,56.0,39.0,18.0,72.0,115.0,39.0,24.0,50.0,104.0,16.0,11.0,25.0,99.0,40.0,21.0,7.0,50.0,179.0,19.0,42.0,30.0,47.0,42.0,80.0,39.0,11.0,73.0,34.0,82.0,62.0,93.0,31.0,70.0,46.0,143.0,61.0,50.0,20.0,34.0,64.0,42.0,9.0,26.0,37.0,68.0,35.0,36.0,40.0,55.0,56.0,36.0,54.0,69.0,19.0,60.0,34.0,41.0,89.0,29.0,13.0,88.0,102.0
27.0,21.0,45.0,0.0,62.0,34.0,89.0,14.0,11.0,12.0,43.0,67.0,12.0,81.0,7.0,24.0,43.0,7.0,28.0,76.0,17.0,28.0,88.0,68.0,20.0,39.0,27.0,22.0,103.0,18.0,71.0,13.0,32.0,31.0,45.0,74.0,56.0,38.0,41.0,62.0,45.0,81.0,79.0,158.0,27.0,47.0,73.0,14.0,38.0,56.0,63.0,106.0,17.0,56.0,10.0,32.0,41.0,26.0,42.0,13.0,63.0,48.0,41.0,13.0,62.0,88.0,33.0,31.0,45.0,111.0,9.0,15.0,27.0,101.0,22.0,14.0,16.0,48.0,177.0,21.0,43.0,27.0,28.0,33.0,80.0,41.0,13.0,89.0,33.0,86.0,67.0,102.0,41.0,66.0,35.0,141.0,66.0,52.0,32.0,28.0,52.0,42.0,15.0,27.0,34.0,73.0,36.0,33.0,37.0,60.0,40.0,39.0,59.0,83.0,19.0,66.0,30.0,56.0,95.0,37.0,24.0,87.0,133.0
35.0,30.0,74.0,51.0,0.0,94.0,154.0,26.0,5.0,14.0,80.0,103.0,16.0,139.0,7.0,58.0,71.0,7.0,48.0,142.0,30.0,50.0,106.0,118.0,30.0,59.0,44.0,45.0,202.0,26.0,116.0,12.0,56.0,73.0,64.0,148.0,68.0,66.0,54.0,99.0,77.0,178.0,150.0,234.0,71.0,74.0,137.0,17.0,69.0,93.0,114.0,207.0,36.0,84.0,18.0,59.0,74.0,78.0,90.0,23.0,104.0,117.0,63.0,37.0,111.0,178.0,57.0,38.0,82.0,186.0,25.0,36.0,41.0,209.0,59.0,31.0,30.0,88.0,283.0,40.0,72.0,49.0,52.0,75.0,143.0,69.0,22.0,159.0,39.0,156.0,118.0,166.0,76.0,128.0,49.0,252.0,84.0,89.0,51.0,64.0,104.0,55.0,32.0,49.0,48.0,135.0,36.0,65.0,59.0,88.0,90.0,59.0,108.0,102.0,25.0,101.0,57.0,72.0,157.0,69.0,44.0,133.0,211.0
24.0,19.0,33.0,27.0,57.0,0.0,81.0,12.0,9.0,13.0,35.0,50.0,13.0,76.0,8.0,25.0,45.0,8.0,20.0,76.0,9.0,26.0,47.0,60.0,24.0,27.0,14.0,21.0,78.0,22.0,52.0,8.0,30.0,36.0,40.0,62.0,34.0,38.0,24.0,57.0,44.0,94.0,55.0,134.0,37.0,32.0,63.0,2.0,42.0,37.0,54.0,87.0,18.0,41.0,11.0,33.0,51.0,38.0,22.0,23.0,37.0,36.0,40.0,12.0,53.0,119.0,24.0,22.0,43.0,98.0,10.0,20.0,22.0,90.0,32.0,18.0,13.0,37.0,158.0,18.0,40.0,26.0,27.0,39.0,58.0,27.0,7.0,63.0,24.0,68.0,72.0,71.0,42.0,57.0,24.0,130.0,40.0,46.0,30.0,22.0,65.0,45.0,12.0,22.0,27.0,51.0,28.0,35.0,24.0,54.0,59.0,27.0,35.0,63.0,22.0,57.0,36.0,39.0,67.0,32.0,33.0,97.0,117.0
47.0,40.0,82.0,86.0,107.0,94.0,0.0,32.0,23.0,19.0,88.0,150.0,29.0,208.0,9.0,48.0,97.0,18.0,63.0,300.0,23.0,79.0,187.0,202.0,28.0,69.0,34.0,195.0,397.0,32.0,112.0,8.0,84.0,74.0,83.0,132.0,83.0,71.0,76.0,118.0,93.0,191.0,303.0,441.0,75.0,86.0,150.0,19.0,184.0,100.0,104.0,307.0,41.0,101.0,15.0,75.0,113.0,92.0,71.0,28.0,115.0,106.0,73.0,23.0,163.0,202.0,62.0,57.0,111.0,220.0,39.0,35.0,38.0,332.0,60.0,42.0,38.0,100.0,507.0,44.0,85.0,50.0,71.0,62.0,143.0,97.0,24.0,174.0,77.0,196.0,276.0,190.0,63.0,127.0,69.0,456.0,100.0,107.0,52.0,67.0,112.0,65.0,38.0,202.0,74.0,135.0,55.0,60.0,56.0,118.0,124.0,187.0,118.0,312.0,43.0,118.0,198.0,100.0,294.0,67.0,41.0,287.0,315.0
11.0,14.0,17.0,18.0,25.0,27.0,44.0,0.0,2.0,4.0,16.0,38.0,9.0,30.0,1.0,16.0,17.0,7.0,11.0,49.0,8.0,14.0,49.0,40.0,13.0,18.0,8.0,17.0,45.0,7.0,26.0,3.0,13.0,16.0,18.0,24.0,25.0,15.0,22.0,28.0,24.0,32.0,38.0,61.0,18.0,11.0,28.0,10.0,23.0,21.0,35.0,37.0,4.0,30.0,5.0,22.0,22.0,19.0,16.0,11.0,29.0,21.0,21.0,10.0,30.0,41.0,6.0,16.0,17.0,54.0,14.0,7.0,15.0,44.0,18.0,9.0,10.0,20.0,71.0,12.0,15.0,15.0,12.0,16.0,30.0,20.0,8.0,46.0,11.0,47.0,36.0,36.0,21.0,35.0,21.0,54.0,32.0,24.0,5.0,23.0,29.0,13.0,11.0,14.0,8.0,25.0,15.0,15.0,19.0,28.0,30.0,14.0,28.0,27.0,2.0,30.0,21.0,15.0,32.0,11.0,12.0,45.0,52.0
13.0,5.0,15.0,13.0,22.0,21.0,28.0,7.0,0.0,9.0,12.0,25.0,8.0,23.0,2.0,11.0,9.0,9.0,17.0,33.0,7.0,10.0,26.0,20.0,9.0,14.0,15.0,9.0,38.0,6.0,25.0,5.0,10.0,10.0,13.0,30.0,19.0,11.0,11.0,22.0,15.0,34.0,28.0,41.0,11.0,19.0,16.0,10.0,11.0,14.0,26.0,28.0,3.0,25.0,5.0,12.0,13.0,12.0,18.0,6.0,20.0,16.0,15.0,6.0,28.0,20.0,8.0,8.0,10.0,37.0,6.0,7.0,6.0,35.0,15.0,7.0,4.0,18.0,52.0,6.0,17.0,12.0,14.0,22.0,23.0,11.0,7.0,25.0,13.0,28.0,22.0,28.0,13.0,26.0,11.0,45.0,17.0,22.0,12.0,13.0,18.0,11.0,8.0,13.0,12.0,26.0,13.0,11.0,11.0,19.0,17.0,9.0,16.0,22.0,7.0,23.0,17.0,19.0,34.0,13.0,11.0,28.0,43.0
8.0,11.0,12.0,18.0,24.0,17.0,29.0,5.0,5.0,0.0,15.0,25.0,6.0,20.0,3.0,6.0,11.0,2.0,14.0,26.0,7.0,9.0,24.0,25.0,3.0,12.0,5.0,7.0,22.0,4.0,19.0,3.0,10.0,13.0,10.0,25.0,11.0,9.0,17.0,25.0,15.0,25.0,20.0,40.0,11.0,12.0,25.0,7.0,15.0,15.0,15.0,27.0,8.0,18.0,6.0,11.0,19.0,14.0,13.0,4.0,20.0,14.0,10.0,6.0,23.0,24.0,6.0,7.0,15.0,34.0,7.0,5.0,10.0,30.0,14.0,10.0,5.0,21.0,60.0,5.0,10.0,9.0,14.0,10.0,13.0,7.0,3.0,24.0,9.0,16.0,21.0,37.0,10.0,22.0,10.0,35.0,11.0,19.0,8.0,15.0,17.0,10.0,11.0,7.0,12.0,18.0,3.0,9.0,10.0,24.0,10.0,9.0,19.0,25.0,9.0,23.0,7.0,18.0,31.0,13.0,7.0,32.0,30.0
24.0,23.0,51.0,42.0,71.0,44.0,101.0,9.0,9.0,10.0,0.0,76.0,8.0,80.0,8.0,22.0,41.0,13.0,27.0,86.0,18.0,47.0,62.0,59.0,29.0,37.0,23.0,27.0,96.0,7.0,61.0,8.0,36.0,50.0,47.0,68.0,44.0,44.0,39.0,58.0,53.0,87.0,78.0,160.0,39.0,40.0,68.0,12.0,41.0,66.0,60.0,91.0,18.0,52.0,8.0,27.0,45.0,39.0,48.0,26.0,50.0,58.0,46.0,15.0,76.0,101.0,41.0,38.0,46.0,108.0,11.0,25.0,30.0,125.0,44.0,12.0,20.0,55.0,175.0,31.0,44.0,22.0,31.0,53.0,65.0,42.0,11.0,85.0,25.0,81.0,89.0,93.0,41.0,64.0,28.0,136.0,63.0,76.0,29.0,34.0,51.0,35.0,29.0,23.0,36.0,59.0,17.0,36.0,38.0,54.0,58.0,34.0,45.0,86.0,18.0,65.0,39.0,56.0,104.0,35.0,12.0,85.0,98.0
66.0,40.0,69.0,74.0,105.0,79.0,162.0,28.0,25.0,15.0,105.0,0.0,19.0,140.0,14.0,41.0,89.0,15.0,71.0,159.0,33.0,70.0,130.0,115.0,30.0,64.0,51.0,53.0,205.0,34.0,109.0,18.0,61.0,66.0,82.0,145.0,78.0,57.0,74.0,117.0,72.0,175.0,129.0,290.0,70.0,68.0,160.0,25.0,81.0,93.0,101.0,181.0,52.0,74.0,22.0,58.0,120.0,63.0,77.0,31.0,130.0,97.0,81.0,34.0,159.0,189.0,60.0,51.0,64.0,216.0,37.0,31.0,41.0,184.0,78.0,25.0,27.0,90.0,338.0,49.0,87.0,59.0,78.0,124.0,138.0,76.0,24.0,140.0,43.0,174.0,140.0,186.0,91.0,137.0,65.0,245.0,106.0,114.0,62.0,53.0,99.0,81.0,31.0,52.0,66.0,138.0,58.0,66.0,63.0,88.0,91.0,71.0,128.0,124.0,36.0,136.0,64.0,91.0,187.0,80.0,38.0,149.0,225.0
5.0,9.0,11.0,6.0,7.0,10.0,22.0,4.0,6.0,7.0,10.0,20.0,0.0,17.0,5.0,13.0,10.0,1.0,11.0,19.0,4.0,13.0,13.0,14.0,4.0,6.0,3.0,8.0,25.0,3.0,19.0,2.0,10.0,13.0,12.0,18.0,10.0,16.0,12.0,17.0,14.0,25.0,23.0,52.0,10.0,10.0,32.0,5.0,17.0,11.0,17.0,30.0,6.0,13.0,4.0,13.0,18.0,15.0,10.0,1.0,11.0,13.0,11.0,7.0,20.0,33.0,14.0,12.0,6.0,15.0,7.0,3.0,2.0,23.0,8.0,6.0,6.0,18.0,47.0,7.0,10.0,5.0,7.0,13.0,23.0,12.0,3.0,22.0,11.0,15.0,27.0,26.0,12.0,15.0,17.0,43.0,14.0,13.0,5.0,8.0,25.0,5.0,9.0,15.0,10.0,18.0,9.0,10.0,11.0,17.0,14.0,16.0,15.0,15.0,3.0,14.0,6.0,12.0,22.0,12.0,6.0,24.0,41.0
43.0,56.0,100.0,83.0,105.0,87.0,205.0,41.0,18.0,21.0,89.0,150.0,26.0,0.0,10.0,64.0,88.0,22.0,61.0,209.0,27.0,67.0,159.0,143.0,41.0,74.0,43.0,53.0,271.0,33.0,116.0,21.0,57.0,76.0,71.0,167.0,93.0,73.0,82.0,162.0,77.0,157.0,162.0,305.0,80.0,97.0,170.0,23.0,78.0,117.0,147.0,207.0,39.0,107.0,22.0,73.0,130.0,73.0,83.0,26.0,129.0,120.0,74.0,29.0,168.0,230.0,74.0,42.0,97.0,231.0,32.0,34.0,37.0,218.0,68.0,37.0,32.0,96.0,388.0,54.0,93.0,59.0,72.0,73.0,174.0,79.0,27.0,185.0,69.0,189.0,165.0,216.0,86.0,174.0,70.0,294.0,113.0,125.0,46.0,68.0,124.0,67.0,30.0,57.0,59.0,135.0,52.0,70.0,67.0,127.0,119.0,61.0,125.0,219.0,40.0,126.0,67.0,96.0,183.0,85.0,44.0,198.0,237.0
6.0,4.0,9.0,4.0,13.0,9.0,16.0,4.0,4.0,5.0,11.0,17.0,2.0,16.0,0.0,6.0,8.0,7.0,11.0,14.0,5.0,7.0,16.0,11.0,3.0,8.0,3.0,6.0,29.0,4.0,25.0,2.0,11.0,10.0,8.0,24.0,21.0,9.0,7.0,21.0,12.0,21.0,21.0,27.0,8.0,13.0,22.0,5.0,10.0,10.0,24.0,11.0,2.0,17.0,3.0,4.0,17.0,8.0,8.0,6.0,9.0,14.0,10.0,7.0,15.0,13.0,6.0,6.0,9.0,17.0,2.0,3.0,7.0,25.0,6.0,4.0,3.0,9.0,42.0,6.0,9.0,3.0,6.0,7.0,16.0,12.0,5.0,17.0,5.0,18.0,16.0,22.0,6.0,15.0,10.0,22.0,9.0,18.0,12.0,8.0,16.0,10.0,2.0,6.0,8.0,10.0,8.0,11.0,5.0,12.0,9.0,6.0,7.0,12.0,1.0,6.0,9.0,12.0,26.0,9.0,7.0,19.0,25.0
24.0,19.0,29.0,30.0,41.0,22.0,68.0,14.0,8.0,9.0,25.0,40.0,5.0,71.0,7.0,0.0,17.0,5.0,28.0,52.0,7.0,15.0,58.0,37.0,17.0,21.0,22.0,27.0,83.0,11.0,36.0,6.0,22.0,24.0,21.0,47.0,31.0,32.0,27.0,33.0,34.0,52.0,56.0,98.0,24.0,35.0,53.0,11.0,26.0,39.0,43.0,69.0,7.0,33.0,3.0,20.0,32.0,20.0,26.0,5.0,44.0,35.0,12.0,8.0,48.0,73.0,28.0,17.0,37.0,80.0,9.0,11.0,21.0,67.0,23.0,6.0,19.0,35.0,119.0,26.0,39.0,19.0,17.0,27.0,53.0,28.0,8.0,58.0,34.0,71.0,39.0,56.0,27.0,41.0,24.0,98.0,40.0,28.0,15.0,29.0,30.0,21.0,4.0,16.0,23.0,37.0,24.0,22.0,16.0,41.0,46.0,26.0,38.0,45.0,14.0,29.0,21.0,33.0,56.0,32.0,11.0,65.0,84.0
23.0,30.0,53.0,34.0,68.0,41.0,108.0,15.0,6.0,19.0,35.0,61.0,14.0,106.0,11.0,27.0,0.0,6.0,24.0,75.0,17.0,38.0,83.0,77.0,33.0,36.0,22.0,31.0,107.0,20.0,89.0,14.0,37.0,33.0,44.0,73.0,47.0,33.0,41.0,64.0,46.0,99.0,85.0,158.0,44.0,48.0,89.0,20.0,50.0,60.0,75.0,105.0,20.0,67.0,9.0,28.0,59.0,39.0,60.0,14.0,68.0,56.0,41.0,15.0,74.0,99.0,40.0,27.0,51.0,104.0,16.0,23.0,23.0,123.0,46.0,24.0,19.0,63.0,197.0,19.0,38.0,21.0,38.0,36.0,80.0,52.0,13.0,83.0,37.0,84.0,75.0,102.0,39.0,48.0,29.0,148.0,65.0,58.0,23.0,55.0,54.0,29.0,17.0,31.0,25.0,81.0,28.0,32.0,33.0,63.0,47.0,33.0,55.0,77.0,20.0,56.0,35.0,43.0,86.0,36.0,27.0,103.0,101.0
3.0,6.0,8.0,4.0,4.0,5.0,18.0,5.0,2.0,4.0,14.0,6.0,2.0,18.0,3.0,8.0,6.0,0.0,10.0,12.0,4.0,12.0,15.0,13.0,1.0,8.0,0.0,6.0,26.0,1.0,11.0,4.0,7.0,11.0,11.0,12.0,9.0,7.0,8.0,17.0,11.0,20.0,19.0,19.0,6.0,11.0,12.0,1.0,5.0,8.0,6.0,11.0,2.0,11.0,1.0,7.0,8.0,5.0,12.0,3.0,16.0,9.0,10.0,1.0,12.0,17.0,5.0,6.0,8.0,13.0,5.0,6.0,8.0,16.0,6.0,2.0,3.0,10.0,44.0,6.0,10.0,9.0,6.0,8.0,13.0,7.0,5.0,13.0,4.0,13.0,13.0,14.0,6.0,16.0,7.0,28.0,5.0,12.0,3.0,10.0,12.0,8.0,5.0,6.0,8.0,5.0,9.0,7.0,5.0,9.0,8.0,12.0,13.0,14.0,3.0,11.0,11.0,13.0,22.0,5.0,5.0,21.0,14.0
24.0,15.0,14.0,31.0,40.0,29.0,66.0,14.0,5.0,4.0,31.0,48.0,6.0,48.0,2.0,24.0,34.0,11.0,0.0,55.0,11.0,22.0,52.0,42.0,16.0,24.0,20.0,17.0,76.0,17.0,47.0,6.0,26.0,32.0,32.0,69.0,31.0,26.0,39.0,44.0,26.0,57.0,56.0,108.0,22.0,28.0,50.0,10.0,22.0,30.0,42.0,57.0,16.0,50.0,5.0,18.0,32.0,26.0,20.0,8.0,51.0,38.0,35.0,13.0,46.0,50.0,23.0,26.0,40.0,67.0,13.0,10.0,20.0,63.0,26.0,12.0,15.0,26.0,111.0,15.0,23.0,14.0,26.0,23.0,37.0,33.0,15.0,52.0,13.0,51.0,42.0,59.0,33.0,47.0,26.0,112.0,43.0,35.0,14.0,18.0,40.0,24.0,7.0,14.0,19.0,47.0,26.0,29.0,30.0,37.0,37.0,23.0,51.0,50.0,12.0,29.0,21.0,43.0,76.0,25.0,13.0,57.0,86.0
33.0,33.0,75.0,76.0,127.0,75.0,259.0,35.0,16.0,22.0,76.0,114.0,23.0,173.0,10.0,66.0,86.0,15.0,64.0,0.0,29.0,55.0,156.0,139.0,24.0,69.0,38.0,166.0,358.0,29.0,140.0,15.0,74.0,54.0,81.0,143.0,74.0,78.0,83.0,119.0,65.0,176.0,321.0,423.0,64.0,79.0,146.0,17.0,211.0,102.0,122.0,343.0,28.0,101.0,22.0,53.0,105.0,76.0,79.0,24.0,133.0,92.0,81.0,27.0,140.0,180.0,68.0,46.0,88.0,221.0,28.0,42.0,46.0,319.0,66.0,37.0,31.0,105.0,526.0,48.0,84.0,55.0,73.0,75.0,177.0,70.0,22.0,180.0,53.0,168.0,236.0,186.0,74.0,103.0,83.0,459.0,95.0,110.0,49.0,67.0,114.0,63.0,34.0,152.0,58.0,126.0,55.0,57.0,54.0,110.0,91.0,186.0,99.0,254.0,42.0,126.0,205.0,86.0,297.0,92.0,53.0,312.0,335.0
10.0,12.0,16.0,9.0,18.0,16.0,25.0,8.0,5.0,4.0,15.0,24.0,3.0,31.0,5.0,9.0,10.0,5.0,10.0,31.0,0.0,15.0,27.0,15.0,5.0,11.0,11.0,10.0,32.0,5.0,24.0,3.0,9.0,18.0,18.0,23.0,16.0,11.0,17.0,25.0,25.0,43.0,35.0,55.0,21.0,7.0,24.0,10.0,15.0,19.0,25.0,37.0,10.0,25.0,3.0,11.0,24.0,17.0,19.0,5.0,24.0,17.0,9.0,7.0,33.0,47.0,14.0,16.0,19.0,40.0,8.0,9.0,10.0,46.0,15.0,1.0,10.0,17.0,84.0,6.0,17.0,11.0,15.0,12.0,25.0,18.0,5.0,25.0,6.0,41.0,26.0,32.0,14.0,24.0,18.0,56.0,17.0,17.0,14.0,11.0,19.0,10.0,5.0,11.0,13.0,24.0,9.0,11.0,11.0,15.0,16.0,13.0,26.0,31.0,9.0,18.0,16.0,22.0,39.0,12.0,7.0,39.0,47.0
22.0,18.0,38.0,28.0,66.0,27.0,93.0,15.0,10.0,11.0,34.0,58.0,12.0,84.0,8.0,33.0,42.0,10.0,26.0,82.0,13.0,0.0,56.0,62.0,16.0,29.0,18.0,23.0,86.0,13.0,59.0,8.0,25.0,36.0,43.0,73.0,53.0,29.0,35.0,63.0,47.0,106.0,89.0,173.0,39.0,40.0,63.0,18.0,34.0,48.0,50.0,94.0,17.0,63.0,13.0,25.0,51.0,46.0,33.0,19.0,55.0,49.0,37.0,17.0,69.0,97.0,33.0,32.0,33.0,105.0,17.0,15.0,22.0,115.0,34.0,19.0,19.0,46.0,195.0,27.0,36.0,24.0,28.0,36.0,74.0,40.0,12.0,82.0,20.0,93.0,56.0,88.0,35.0,51.0,35.0,135.0,52.0,58.0,28.0,32.0,54.0,24.0,20.0,26.0,27.0,56.0,29.0,26.0,33.0,63.0,52.0,30.0,48.0,69.0,20.0,58.0,24.0,48.0,101.0,37.0,22.0,85.0,112.0
29.0,28.0,71.0,68.0,89.0,67.0,156.0,27.0,21.0,29.0,57.0,112.0,24.0,146.0,14.0,52.0,63.0,9.0,51.0,129.0,23.0,56.0,0.0,119.0,27.0,65.0,27.0,33.0,156.0,31.0,91.0,11.0,60.0,59.0,68.0,130.0,47.0,76.0,66.0,100.0,58.0,146.0,140.0,265.0,77.0,68.0,125.0,13.0,78.0,80.0,100.0,152.0,26.0,66.0,23.0,57.0,95.0,87.0,71.0,14.0,115.0,89.0,59.0,24.0,124.0,154.0,72.0,54.0,69.0,156.0,31.0,23.0,41.0,148.0,65.0,35.0,28.0,84.0,283.0,36.0,64.0,44.0,68.0,53.0,138.0,59.0,12.0,137.0,53.0,133.0,100.0,157.0,63.0,79.0,57.0,223.0,85.0,88.0,36.0,48.0,81.0,58.0,24.0,40.0,39.0,137.0,46.0,35.0,49.0,74.0,95.0,59.0,90.0,87.0,41.0,114.0,61.0,72.0,148.0,70.0,42.0,131.0,217.0
30.0,22.0,64.0,63.0,83.0,67.0,204.0,30.0,28.0,8.0,65.0,95.0,19.0,97.0,7.0,41.0,51.0,16.0,37.0,107.0,22.0,43.0,94.0,0.0,22.0,57.0,31.0,33.0,141.0,23.0,82.0,8.0,54.0,48.0,58.0,103.0,62.0,52.0,48.0,91.0,49.0,115.0,119.0,201.0,52.0,43.0,84.0,25.0,69.0,70.0,95.0,155.0,28.0,65.0,8.0,39.0,92.0,65.0,49.0,14.0,96.0,83.0,66.0,16.0,89.0,138.0,55.0,34.0,66.0,164.0,18.0,23.0,30.0,141.0,48.0,21.0,24.0,87.0,275.0,32.0,55.0,36.0,50.0,55.0,122.0,51.0,15.0,108.0,46.0,121.0,76.0,120.0,36.0,99.0,51.0,197.0,65.0,71.0,34.0,32.0,61.0,39.0,18.0,30.0,41.0,84.0,35.0,48.0,51.0,82.0,73.0,52.0,73.0,84.0,24.0,90.0,53.0,66.0,137.0,56.0,24.0,131.0,169.0
16.0,15.0,14.0,17.0,33.0,17.0,47.0,7.0,4.0,8.0,27.0,39.0,5.0,42.0,2.0,15.0,18.0,1.0,17.0,38.0,12.0,17.0,30.0,35.0,0.0,18.0,7.0,22.0,62.0,7.0,22.0,3.0,13.0,28.0,12.0,45.0,26.0,17.0,26.0,29.0,22.0,40.0,37.0,67.0,16.0,21.0,26.0,5.0,12.0,17.0,29.0,56.0,10.0,32.0,4.0,13.0,27.0,26.0,22.0,10.0,36.0,31.0,20.0,12.0,40.0,52.0,15.0,10.0,25.0,65.0,11.0,8.0,12.0,57.0,21.0,7.0,6.0,23.0,83.0,18.0,24.0,15.0,30.0,24.0,38.0,27.0,5.0,35.0,17.0,44.0,43.0,44.0,17.0,26.0,15.0,72.0,23.0,25.0,15.0,22.0,25.0,24.0,11.0,17.0,12.0,30.0,15.0,10.0,26.0,31.0,24.0,27.0,30.0,40.0,11.0,29.0,22.0,34.0,39.0,18.0,13.0,48.0,56.0
19.0,22.0,34.0,42.0,67.0,41.0,86.0,21.0,12.0,8.0,41.0,61.0,10.0,82.0,5.0,27.0,40.0,10.0,15.0,79.0,14.0,29.0,70.0,66.0,23.0,0.0,12.0,30.0,88.0,13.0,67.0,6.0,29.0,29.0,36.0,65.0,36.0,42.0,35.0,57.0,36.0,77.0,96.0,137.0,29.0,34.0,82.0,14.0,33.0,43.0,56.0,91.0,15.0,43.0,11.0,33.0,57.0,49.0,39.0,11.0,64.0,52.0,41.0,13.0,56.0,68.0,39.0,19.0,41.0,112.0,17.0,20.0,30.0,96.0,32.0,13.0,18.0,50.0,155.0,20.0,32.0,26.0,33.0,34.0,84.0,44.0,12.0,81.0,14.0,82.0,68.0,93.0,41.0,41.0,24.0,131.0,47.0,53.0,20.0,32.0,45.0,20.0,24.0,27.0,32.0,47.0,24.0,29.0,27.0,62.0,38.0,39.0,55.0,60.0,16.0,61.0,30.0,44.0,72.0,41.0,22.0,89.0,107.0
16.0,19.0,27.0,25.0,44.0,16.0,62.0,10.0,7.0,6.0,28.0,58.0,9.0,54.0,8.0,17.0,28.0,9.0,24.0,44.0,10.0,17.0,51.0,44.0,10.0,14.0,0.0,21.0,55.0,15.0,45.0,6.0,30.0,26.0,19.0,44.0,24.0,19.0,32.0,44.0,35.0,51.0,51.0,86.0,29.0,35.0,48.0,11.0,29.0,32.0,47.0,53.0,10.0,20.0,5.0,15.0,27.0,32.0,36.0,11.0,53.0,28.0,24.0,9.0,48.0,57.0,31.0,24.0,28.0,61.0,11.0,9.0,22.0,65.0,27.0,12.0,11.0,30.0,127.0,21.0,28.0,18.0,27.0,17.0,52.0,29.0,11.0,50.0,20.0,65.0,53.0,52.0,34.0,40.0,27.0,90.0,32.0,38.0,19.0,20.0,26.0,26.0,10.0,15.0,17.0,48.0,22.0,18.0,24.0,38.0,36.0,19.0,31.0,41.0,9.0,34.0,26.0,20.0,58.0,33.0,14.0,48.0,62.0
22.0,23.0,27.0,34.0,52.0,29.0,225.0,13.0,11.0,10.0,37.0,45.0,8.0,77.0,4.0,26.0,44.0,5.0,34.0,176.0,11.0,30.0,51.0,46.0,15.0,35.0,21.0,0.0,246.0,19.0,57.0,1.0,35.0,31.0,29.0,57.0,45.0,24.0,33.0,59.0,37.0,70.0,214.0,303.0,30.0,38.0,52.0,15.0,149.0,43.0,55.0,190.0,9.0,44.0,11.0,23.0,49.0,26.0,33.0,9.0,61.0,34.0,23.0,14.0,77.0,80.0,41.0,30.0,30.0,85.0,14.0,10.0,27.0,241.0,22.0,21.0,16.0,44.0,259.0,18.0,43.0,24.0,31.0,27.0,59.0,34.0,17.0,73.0,24.0,71.0,200.0,62.0,41.0,47.0,31.0,314.0,44.0,32.0,25.0,19.0,38.0,18.0,16.0,152.0,24.0,52.0,25.0,24.0,28.0,38.0,43.0,180.0,51.0,221.0,13.0,48.0,149.0,44.0,176.0,37.0,10.0,199.0,184.0
61.0,51.0,92.0,91.0,154.0,122.0,308.0,32.0,25.0,19.0,123.0,159.0,25.0,219.0,16.0,73.0,119.0,15.0,66.0,299.0,31.0,106.0,150.0,176.0,31.0,64.0,50.0,189.0,0.0,45.0,174.0,18.0,85.0,83.0,107.0,218.0,120.0,94.0,98.0,145.0,130.0,261.0,278.0,485.0,90.0,95.0,161.0,25.0,179.0,137.0,162.0,362.0,44.0,127.0,20.0,74.0,148.0,94.0,101.0,40.0,137.0,126.0,127.0,33.0,165.0,267.0,83.0,65.0,119.0,272.0,37.0,39.0,60.0,437.0,108.0,59.0,41.0,121.0,566.0,59.0,110.0,73.0,94.0,101.0,194.0,81.0,26.0,205.0,63.0,225.0,322.0,226.0,81.0,132.0,80.0,530.0,140.0,119.0,57.0,83.0,126.0,71.0,41.0,181.0,80.0,143.0,83.0,90.0,77.0,149.0,136.0,182.0,138.0,309.0,32.0,146.0,180.0,119.0,331.0,91.0,52.0,304.0,391.0
13.0,10.0,21.0,15.0,25.0,31.0,37.0,10.0,5.0,4.0,21.0,37.0,3.0,43.0,6.0,14.0,17.0,6.0,14.0,42.0,8.0,11.0,37.0,47.0,4.0,16.0,14.0,15.0,58.0,0.0,33.0,10.0,25.0,19.0,31.0,37.0,29.0,17.0,22.0,32.0,18.0,58.0,35.0,68.0,25.0,18.0,39.0,7.0,19.0,27.0,20.0,53.0,7.0,27.0,7.0,19.0,30.0,23.0,21.0,8.0,34.0,27.0,23.0,9.0,29.0,54.0,16.0,14.0,19.0,49.0,9.0,6.0,11.0,48.0,20.0,13.0,11.0,27.0,100.0,10.0,18.0,18.0,20.0,23.0,31.0,21.0,8.0,39.0,12.0,40.0,35.0,38.0,15.0,28.0,17.0,62.0,21.0,27.0,16.0,13.0,19.0,25.0,10.0,12.0,12.0,28.0,15.0,8.0,9.0,22.0,41.0,21.0,22.0,25.0,11.0,31.0,22.0,28.0,45.0,18.0,12.0,59.0,56.0
38.0,49.0,66.0,50.0,99.0,58.0,161.0,22.0,18.0,12.0,68.0,127.0,27.0,137.0,20.0,48.0,103.0,10.0,54.0,150.0,22.0,70.0,108.0,119.0,27.0,60.0,31.0,46.0,202.0,27.0,0.0,12.0,54.0,51.0,78.0,110.0,88.0,66.0,63.0,122.0,81.0,177.0,126.0,253.0,71.0,85.0,111.0,20.0,48.0,92.0,107.0,187.0,43.0,111.0,8.0,43.0,85.0,70.0,65.0,29.0,112.0,79.0,60.0,26.0,107.0,184.0,38.0,58.0,81.0,197.0,11.0,25.0,43.0,161.0,109.0,35.0,31.0,92.0,304.0,52.0,71.0,44.0,63.0,66.0,143.0,73.0,20.0,143.0,61.0,167.0,123.0,138.0,57.0,93.0,73.0,238.0,113.0,102.0,45.0,62.0,93.0,63.0,31.0,47.0,49.0,129.0,63.0,64.0,70.0,98.0,85.0,76.0,101.0,107.0,23.0,102.0,60.0,79.0,156.0,46.0,33.0,138.0,192.0
4.0,7.0,7.0,7.0,6.0,15.0,24.0,3.0,3.0,2.0,8.0,12.0,4.0,16.0,1.0,1.0,8.0,3.0,7.0,21.0,4.0,8.0,10.0,15.0,0.0,4.0,5.0,7.0,18.0,4.0,21.0,0.0,9.0,5.0,7.0,7.0,13.0,4.0,11.0,12.0,12.0,26.0,15.0,28.0,6.0,8.0,10.0,4.0,15.0,14.0,11.0,16.0,1.0,8.0,7.0,8.0,9.0,7.0,10.0,1.0,8.0,12.0,12.0,5.0,17.0,13.0,15.0,3.0,11.0,26.0,5.0,4.0,7.0,23.0,5.0,3.0,10.0,7.0,29.0,3.0,9.0,7.0,10.0,2.0,12.0,11.0,2.0,20.0,5.0,21.0,19.0,21.0,9.0,18.0,7.0,38.0,10.0,11.0,5.0,6.0,7.0,12.0,5.0,6.0,10.0,12.0,10.0,9.0,4.0,15.0,5.0,14.0,11.0,14.0,4.0,7.0,7.0,9.0,16.0,9.0,5.0,15.0,19.0
35.0,31.0,37.0,44.0,55.0,46.0,94.0,19.0,11.0,12.0,61.0,82.0,14.0,75.0,8.0,38.0,45.0,10.0,46.0,98.0,8.0,41.0,86.0,66.0,23.0,35.0,23.0,37.0,120.0,14.0,72.0,8.0,0.0,43.0,44.0,82.0,58.0,31.0,56.0,67.0,47.0,88.0,85.0,169.0,45.0,51.0,69.0,17.0,57.0,52.0,66.0,113.0,24.0,60.0,10.0,31.0,65.0,45.0,31.0,15.0,69.0,78.0,45.0,21.0,90.0,109.0,33.0,34.0,57.0,149.0,10.0,12.0,30.0,98.0,46.0,19.0,18.0,66.0,219.0,32.0,35.0,26.0,43.0,40.0,99.0,48.0,14.0,93.0,31.0,94.0,65.0,83.0,50.0,80.0,46.0,162.0,54.0,55.0,26.0,38.0,69.0,29.0,21.0,25.0,34.0,81.0,25.0,30.0,40.0,66.0,62.0,50.0,60.0,81.0,13.0,77.0,47.0,51.0,78.0,42.0,23.0,84.0,129.0
29.0,21.0,33.0,36.0,64.0,46.0,83.0,16.0,10.0,5.0,42.0,69.0,7.0,83.0,13.0,29.0,38.0,7.0,35.0,82.0,11.0,35.0,58.0,61.0,19.0,41.0,17.0,23.0,120.0,18.0,60.0,6.0,29.0,0.0,50.0,78.0,55.0,34.0,32.0,53.0,45.0,94.0,76.0,121.0,43.0,32.0,61.0,9.0,25.0,44.0,54.0,78.0,10.0,52.0,9.0,24.0,50.0,31.0,45.0,13.0,43.0,41.0,44.0,11.0,59.0,114.0,27.0,26.0,42.0,90.0,14.0,17.0,19.0,112.0,32.0,19.0,30.0,47.0,160.0,30.0,33.0,25.0,39.0,39.0,58.0,36.0,11.0,80.0,29.0,78.0,53.0,92.0,26.0,45.0,36.0,133.0,38.0,40.0,29.0,24.0,54.0,38.0,18.0,16.0,25.0,64.0,27.0,33.0,30.0,49.0,53.0,37.0,51.0,91.0,16.0,57.0,24.0,54.0,72.0,29.0,11.0,96.0,104.0
20.0,27.0,47.0,35.0,61.0,49.0,95.0,21.0,13.0,12.0,48.0,67.0,9.0,102.0,6.0,26.0,37.0,15.0,34.0,90.0,8.0,46.0,63.0,71.0,13.0,23.0,17.0,22.0,104.0,17.0,63.0,7.0,34.0,47.0,0.0,68.0,45.0,43.0,36.0,62.0,51.0,123.0,74.0,144.0,48.0,35.0,72.0,12.0,40.0,50.0,62.0,103.0,19.0,42.0,10.0,35.0,42.0,38.0,32.0,20.0,51.0,65.0,38.0,19.0,77.0,106.0,39.0,32.0,53.0,106.0,19.0,13.0,31.0,117.0,44.0,24.0,24.0,51.0,206.0,26.0,33.0,31.0,38.0,46.0,117.0,38.0,16.0,67.0,28.0,104.0,108.0,91.0,29.0,61.0,37.0,144.0,51.0,60.0,41.0,27.0,73.0,48.0,15.0,31.0,38.0,74.0,30.0,33.0,30.0,56.0,58.0,32.0,47.0,59.0,22.0,76.0,32.0,52.0,70.0,42.0,25.0,88.0,106.0
48.0,55.0,88.0,79.0,139.0,71.0,173.0,29.0,20.0,23.0,95.0,137.0,25.0,169.0,11.0,58.0,82.0,14.0,65.0,166.0,28.0,70.0,144.0,125.0,40.0,73.0,42.0,60.0,202.0,38.0,129.0,19.0,68.0,57.0,70.0,0.0,86.0,79.0,82.0,133.0,84.0,173.0,153.0,361.0,65.0,73.0,155.0,25.0,86.0,102.0,128.0,205.0,28.0,109.0,13.0,70.0,109.0,79.0,91.0,21.0,126.0,106.0,87.0,26.0,128.0,179.0,66.0,57.0,107.0,222.0,33.0,33.0,41.0,216.0,79.0,29.0,31.0,110.0,362.0,41.0,85.0,53.0,68.0,89.0,154.0,64.0,27.0,186.0,62.0,158.0,163.0,178.0,74.0,125.0,69.0,299.0,112.0,120.0,54.0,57.0,96.0,62.0,46.0,46.0,60.0,155.0,56.0,82.0,73.0,89.0,117.0,89.0,117.0,126.0,33.0,120.0,61.0,110.0,166.0,89.0,38.0,155.0,211.0
26.0,37.0,55.0,47.0,82.0,50.0,139.0,21.0,11.0,14.0,63.0,99.0,18.0,126.0,11.0,45.0,63.0,7.0,39.0,129.0,17.0,42.0,100.0,78.0,26.0,35.0,17.0,39.0,135.0,21.0,97.0,9.0,55.0,49.0,58.0,99.0,0.0,50.0,48.0,71.0,67.0,142.0,100.0,164.0,46.0,55.0,98.0,20.0,45.0,54.0,89.0,159.0,22.0,52.0,8.0,39.0,67.0,54.0,55.0,19.0,81.0,74.0,58.0,17.0,91.0,123.0,50.0,38.0,41.0,154.0,15.0,22.0,33.0,162.0,63.0,26.0,26.0,62.0,224.0,34.0,60.0,34.0,35.0,54.0,91.0,53.0,17.0,115.0,35.0,110.0,107.0,112.0,48.0,72.0,44.0,192.0,75.0,80.0,34.0,44.0,70.0,49.0,21.0,33.0,44.0,78.0,37.0,30.0,39.0,73.0,60.0,63.0,62.0,90.0,21.0,98.0,35.0,67.0,130.0,58.0,27.0,113.0,158.0
24.0,25.0,48.0,37.0,81.0,59.0,78.0,18.0,14.0,6.0,46.0,68.0,16.0,98.0,11.0,28.0,43.0,6.0,26.0,101.0,10.0,44.0,88.0,91.0,18.0,44.0,24.0,32.0,122.0,16.0,65.0,10.0,38.0,37.0,46.0,74.0,43.0,0.0,51.0,78.0,44.0,122.0,98.0,149.0,54.0,53.0,84.0,13.0,51.0,59.0,75.0,125.0,20.0,52.0,7.0,38.0,62.0,40.0,48.0,12.0,61.0,57.0,52.0,9.0,86.0,120.0,49.0,41.0,53.0,137.0,18.0,11.0,20.0,101.0,45.0,24.0,11.0,70.0,221.0,22.0,45.0,33.0,48.0,51.0,96.0,36.0,14.0,90.0,22.0,78.0,81.0,123.0,43.0,65.0,47.0,162.0,47.0,74.0,31.0,31.0,85.0,34.0,22.0,36.0,27.0,74.0,32.0,35.0,42.0,50.0,70.0,41.0,63.0,70.0,28.0,83.0,33.0,44.0,106.0,52.0,17.0,101.0,150.0
24.0,21.0,53.0,38.0,68.0,34.0,84.0,14.0,12.0,9.0,46.0,65.0,15.0,94.0,4.0,30.0,50.0,6.0,25.0,76.0,10.0,27.0,82.0,66.0,20.0,33.0,20.0,27.0,77.0,19.0,68.0,12.0,34.0,29.0,23.0,85.0,35.0,35.0,0.0,64.0,39.0,81.0,84.0,147.0,44.0,33.0,65.0,14.0,43.0,39.0,57.0,87.0,9.0,69.0,15.0,37.0,44.0,57.0,42.0,10.0,74.0,49.0,37.0,15.0,82.0,105.0,34.0,31.0,43.0,111.0,17.0,14.0,29.0,81.0,36.0,19.0,17.0,46.0,168.0,19.0,58.0,39.0,44.0,42.0,72.0,42.0,10.0,83.0,33.0,84.0,73.0,82.0,36.0,77.0,28.0,145.0,60.0,53.0,23.0,34.0,61.0,31.0,17.0,28.0,35.0,59.0,32.0,33.0,42.0,52.0,62.0,42.0,56.0,76.0,20.0,49.0,29.0,44.0,100.0,40.0,26.0,86.0,135.0
54.0,36.0,64.0,61.0,87.0,78.0,151.0,28.0,27.0,14.0,65.0,142.0,9.0,131.0,11.0,58.0,75.0,12.0,44.0,161.0,20.0,58.0,129.0,120.0,19.0,49.0,27.0,54.0,174.0,34.0,105.0,18.0,58.0,56.0,67.0,124.0,68.0,54.0,76.0,0.0,62.0,166.0,113.0,269.0,49.0,75.0,110.0,26.0,56.0,65.0,113.0,146.0,30.0,80.0,14.0,34.0,90.0,81.0,63.0,22.0,92.0,85.0,77.0,19.0,139.0,174.0,52.0,50.0,71.0,198.0,31.0,25.0,39.0,175.0,64.0,38.0,27.0,81.0,323.0,55.0,82.0,46.0,56.0,71.0,136.0,62.0,20.0,144.0,37.0,136.0,121.0,137.0,72.0,108.0,71.0,219.0,79.0,94.0,40.0,38.0,110.0,52.0,32.0,41.0,42.0,117.0,46.0,39.0,61.0,92.0,64.0,64.0,103.0,98.0,40.0,106.0,59.0,80.0,155.0,63.0,33.0,154.0,203.0
21.0,28.0,54.0,62.0,75.0,45.0,101.0,16.0,12.0,16.0,50.0,69.0,16.0,98.0,6.0,26.0,56.0,9.0,29.0,87.0,22.0,31.0,68.0,72.0,17.0,32.0,23.0,45.0,128.0,14.0,74.0,8.0,31.0,42.0,53.0,73.0,68.0,40.0,59.0,83.0,0.0,125.0,90.0,165.0,44.0,45.0,94.0,18.0,45.0,65.0,87.0,138.0,23.0,68.0,22.0,32.0,52.0,27.0,46.0,31.0,65.0,59.0,47.0,18.0,130.0,131.0,30.0,23.0,49.0,140.0,21.0,20.0,20.0,127.0,53.0,19.0,17.0,66.0,210.0,40.0,32.0,28.0,40.0,46.0,77.0,45.0,19.0,114.0,23.0,99.0,87.0,104.0,49.0,70.0,55.0,173.0,57.0,70.0,25.0,40.0,63.0,43.0,14.0,39.0,46.0,73.0,29.0,54.0,53.0,58.0,66.0,39.0,63.0,122.0,22.0,67.0,30.0,68.0,95.0,35.0,17.0,86.0,119.0
45.0,48.0,115.0,99.0,204.0,130.0,229.0,42.0,25.0,24.0,115.0,188.0,34.0,233.0,11.0,59.0,95.0,27.0,72.0,229.0,41.0,98.0,199.0,156.0,40.0,90.0,37.0,64.0,266.0,56.0,158.0,23.0,100.0,87.0,125.0,191.0,139.0,110.0,83.0,176.0,116.0,0.0,215.0,355.0,115.0,115.0,177.0,27.0,88.0,137.0,172.0,256.0,55.0,136.0,23.0,80.0,153.0,81.0,93.0,30.0,162.0,131.0,132.0,35.0,188.0,303.0,75.0,66.0,109.0,281.0,38.0,45.0,68.0,286.0,79.0,61.0,37.0,161.0,529.0,72.0,111.0,67.0,89.0,124.0,242.0,100.0,32.0,234.0,70.0,231.0,176.0,226.0,87.0,134.0,95.0,403.0,111.0,163.0,79.0,73.0,152.0,96.0,39.0,73.0,82.0,173.0,67.0,87.0,84.0,126.0,151.0,94.0,135.0,162.0,58.0,197.0,88.0,147.0,256.0,110.0,60.0,247.0,334.0
46.0,42.0,76.0,78.0,113.0,66.0,243.0,27.0,16.0,19.0,65.0,128.0,19.0,152.0,6.0,43.0,82.0,23.0,60.0,269.0,24.0,63.0,138.0,138.0,29.0,52.0,38.0,140.0,313.0,29.0,105.0,13.0,70.0,86.0,66.0,128.0,65.0,81.0,63.0,130.0,66.0,148.0,0.0,372.0,93.0,65.0,121.0,31.0,164.0,92.0,116.0,283.0,29.0,91.0,19.0,57.0,101.0,64.0,65.0,17.0,111.0,76.0,64.0,26.0,145.0,184.0,66.0,46.0,113.0,216.0,36.0,27.0,50.0,310.0,50.0,30.0,24.0,96.0,448.0,50.0,75.0,52.0,57.0,65.0,151.0,74.0,21.0,177.0,36.0,170.0,227.0,158.0,58.0,112.0,53.0,383.0,79.0,82.0,43.0,46.0,108.0,47.0,26.0,143.0,59.0,125.0,45.0,43.0,52.0,86.0,103.0,156.0,109.0,203.0,39.0,109.0,155.0,104.0,247.0,65.0,41.0,253.0,276.0
67.0,69.0,117.0,139.0,224.0,128.0,458.0,59.0,37.0,29.0,142.0,233.0,31.0,283.0,22.0,86.0,144.0,27.0,99.0,382.0,42.0,102.0,233.0,219.0,47.0,112.0,58.0,224.0,578.0,53.0,207.0,31.0,104.0,108.0,136.0,261.0,163.0,107.0,115.0,198.0,144.0,315.0,406.0,0.0,114.0,123.0,252.0,41.0,241.0,147.0,212.0,421.0,65.0,198.0,28.0,96.0,160.0,105.0,126.0,47.0,215.0,169.0,140.0,48.0,278.0,337.0,103.0,77.0,154.0,355.0,56.0,44.0,68.0,538.0,123.0,53.0,36.0,182.0,759.0,79.0,135.0,79.0,132.0,139.0,263.0,118.0,38.0,292.0,75.0,302.0,417.0,325.0,117.0,224.0,116.0,653.0,181.0,182.0,94.0,86.0,167.0,119.0,46.0,229.0,88.0,225.0,99.0,110.0,101.0,142.0,225.0,230.0,157.0,363.0,63.0,202.0,222.0,180.0,448.0,135.0,65.0,349.0,483.0
24.0,16.0,51.0,43.0,56.0,45.0,83.0,20.0,21.0,14.0,39.0,61.0,16.0,75.0,7.0,31.0,44.0,12.0,27.0,76.0,14.0,33.0,85.0,71.0,26.0,39.0,22.0,27.0,94.0,19.0,58.0,6.0,46.0,33.0,38.0,89.0,40.0,23.0,35.0,70.0,48.0,90.0,74.0,158.0,0.0,36.0,80.0,12.0,59.0,46.0,52.0,93.0,22.0,48.0,7.0,30.0,62.0,47.0,44.0,20.0,68.0,41.0,34.0,15.0,68.0,103.0,34.0,38.0,31.0,114.0,16.0,17.0,31.0,116.0,37.0,15.0,13.0,48.0,189.0,24.0,40.0,32.0,33.0,46.0,88.0,33.0,12.0,89.0,24.0,82.0,67.0,79.0,43.0,66.0,40.0,139.0,49.0,54.0,24.0,33.0,46.0,36.0,18.0,34.0,37.0,66.0,28.0,17.0,34.0,62.0,52.0,39.0,59.0,69.0,16.0,74.0,37.0,45.0,86.0,44.0,18.0,94.0,132.0
30.0,19.0,51.0,45.0,68.0,47.0,110.0,15.0,8.0,10.0,59.0,82.0,10.0,92.0,6.0,31.0,42.0,3.0,43.0,104.0,18.0,28.0,95.0,70.0,23.0,37.0,24.0,34.0,123.0,14.0,78.0,13.0,48.0,43.0,45.0,93.0,44.0,45.0,49.0,62.0,47.0,112.0,101.0,163.0,43.0,0.0,105.0,24.0,41.0,60.0,69.0,119.0,24.0,72.0,16.0,37.0,62.0,34.0,42.0,14.0,56.0,68.0,48.0,20.0,94.0,124.0,41.0,36.0,58.0,132.0,21.0,22.0,31.0,116.0,50.0,19.0,25.0,58.0,176.0,35.0,43.0,28.0,54.0,54.0,90.0,45.0,8.0,116.0,37.0,123.0,76.0,104.0,46.0,60.0,37.0,138.0,78.0,67.0,31.0,37.0,71.0,34.0,16.0,37.0,38.0,90.0,30.0,43.0,34.0,74.0,64.0,44.0,69.0,72.0,24.0,88.0,41.0,60.0,104.0,46.0,29.0,108.0,131.0
36.0,41.0,80.0,60.0,110.0,68.0,180.0,29.0,18.0,21.0,67.0,108.0,23.0,150.0,7.0,56.0,80.0,14.0,45.0,153.0,20.0,55.0,127.0,110.0,27.0,53.0,48.0,43.0,155.0,24.0,96.0,14.0,43.0,53.0,67.0,123.0,74.0,73.0,77.0,123.0,89.0,160.0,122.0,255.0,69.0,67.0,0.0,28.0,74.0,105.0,112.0,187.0,31.0,100.0,16.0,57.0,97.0,75.0,81.0,25.0,99.0,95.0,50.0,19.0,119.0,163.0,66.0,42.0,93.0,186.0,21.0,21.0,35.0,182.0,69.0,27.0,34.0,101.0,304.0,46.0,77.0,57.0,53.0,62.0,145.0,77.0,17.0,159.0,62.0,158.0,136.0,147.0,75.0,115.0,72.0,252.0,93.0,86.0,43.0,65.0,96.0,67.0,30.0,54.0,54.0,107.0,61.0,72.0,54.0,94.0,122.0,60.0,101.0,120.0,27.0,97.0,55.0,83.0,161.0,63.0,38.0,147.0,198.0
11.0,8.0,18.0,16.0,29.0,17.0,39.0,5.0,3.0,4.0,16.0,20.0,3.0,37.0,1.0,15.0,16.0,1.0,13.0,30.0,6.0,15.0,29.0,24.0,11.0,10.0,12.0,11.0,51.0,2.0,22.0,4.0,14.0,21.0,16.0,22.0,18.0,16.0,16.0,16.0,18.0,32.0,28.0,59.0,16.0,12.0,30.0,0.0,21.0,25.0,29.0,44.0,8.0,24.0,4.0,9.0,25.0,16.0,23.0,7.0,24.0,23.0,15.0,7.0,30.0,35.0,7.0,12.0,21.0,38.0,9.0,5.0,8.0,36.0,24.0,16.0,4.0,26.0,63.0,24.0,19.0,14.0,21.0,15.0,25.0,14.0,4.0,32.0,12.0,37.0,31.0,26.0,21.0,20.0,10.0,57.0,18.0,31.0,10.0,11.0,20.0,15.0,8.0,10.0,15.0,22.0,13.0,20.0,10.0,25.0,24.0,15.0,19.0,28.0,8.0,36.0,12.0,21.0,38.0,16.0,12.0,32.0,48.0
24.0,23.0,44.0,36.0,60.0,47.0,196.0,23.0,11.0,16.0,52.0,80.0,14.0,103.0,8.0,36.0,45.0,12.0,32.0,218.0,10.0,39.0,65.0,83.0,16.0,42.0,29.0,143.0,274.0,19.0,51.0,8.0,36.0,47.0,38.0,88.0,57.0,40.0,47.0,68.0,49.0,84.0,243.0,294.0,52.0,50.0,83.0,16.0,0.0,54.0,73.0,242.0,16.0,51.0,14.0,34.0,71.0,32.0,29.0,24.0,67.0,63.0,40.0,14.0,70.0,112.0,26.0,26.0,42.0,122.0,20.0,15.0,25.0,222.0,39.0,23.0,24.0,60.0,331.0,33.0,38.0,29.0,49.0,47.0,102.0,44.0,14.0,104.0,28.0,117.0,205.0,100.0,33.0,61.0,40.0,346.0,57.0,51.0,27.0,38.0,57.0,37.0,17.0,152.0,42.0,65.0,22.0,38.0,43.0,67.0,68.0,167.0,71.0,202.0,28.0,67.0,165.0,57.0,184.0,38.0,32.0,233.0,218.0
30.0,28.0,61.0,43.0,71.0,68.0,137.0,16.0,12.0,16.0,59.0,108.0,16.0,130.0,4.0,45.0,59.0,8.0,41.0,125.0,16.0,71.0,86.0,89.0,20.0,50.0,32.0,44.0,155.0,26.0,82.0,10.0,47.0,49.0,67.0,116.0,65.0,58.0,50.0,86.0,55.0,147.0,100.0,186.0,47.0,51.0,84.0,13.0,54.0,0.0,79.0,118.0,19.0,84.0,12.0,40.0,67.0,52.0,55.0,27.0,75.0,69.0,54.0,19.0,79.0,142.0,36.0,42.0,57.0,155.0,15.0,29.0,34.0,137.0,52.0,26.0,19.0,82.0,297.0,36.0,45.0,40.0,47.0,48.0,104.0,57.0,18.0,123.0,31.0,127.0,85.0,120.0,53.0,114.0,46.0,179.0,88.0,74.0,35.0,42.0,80.0,41.0,31.0,36.0,43.0,92.0,39.0,41.0,46.0,65.0,98.0,48.0,92.0,98.0,18.0,77.0,48.0,71.0,119.0,58.0,36.0,147.0,164.0
36.0,43.0,77.0,86.0,110.0,86.0,185.0,28.0,21.0,19.0,89.0,103.0,25.0,183.0,10.0,68.0,78.0,16.0,62.0,166.0,17.0,68.0,118.0,123.0,37.0,62.0,42.0,47.0,208.0,34.0,116.0,16.0,64.0,57.0,74.0,147.0,88.0,70.0,67.0,126.0,98.0,198.0,154.0,292.0,62.0,96.0,145.0,31.0,63.0,124.0,0.0,219.0,34.0,110.0,20.0,52.0,112.0,69.0,66.0,29.0,122.0,104.0,76.0,19.0,127.0,232.0,64.0,69.0,106.0,172.0,29.0,29.0,35.0,246.0,90.0,44.0,32.0,92.0,359.0,56.0,89.0,46.0,70.0,99.0,175.0,71.0,21.0,190.0,66.0,183.0,136.0,169.0,85.0,91.0,73.0,295.0,92.0,111.0,45.0,56.0,110.0,73.0,46.0,39.0,59.0,149.0,61.0,74.0,68.0,101.0,103.0,70.0,114.0,146.0,37.0,139.0,49.0,93.0,187.0,83.0,48.0,167.0,242.0
67.0,57.0,128.0,128.0,218.0,129.0,439.0,52.0,26.0,34.0,107.0,202.0,31.0,236.0,12.0,96.0,169.0,23.0,94.0,452.0,29.0,100.0,219.0,237.0,51.0,117.0,58.0,208.0,467.0,39.0,196.0,21.0,126.0,108.0,113.0,215.0,135.0,128.0,127.0,218.0,135.0,286.0,432.0,594.0,123.0,128.0,222.0,32.0,229.0,155.0,208.0,0.0,51.0,146.0,22.0,104.0,168.0,103.0,120.0,43.0,193.0,163.0,118.0,33.0,198.0,302.0,99.0,60.0,133.0,342.0,55.0,51.0,69.0,461.0,118.0,62.0,42.0,163.0,703.0,76.0,137.0,82.0,92.0,133.0,279.0,114.0,36.0,296.0,69.0,281.0,311.0,274.0,117.0,178.0,116.0,644.0,154.0,171.0,90.0,98.0,173.0,101.0,37.0,200.0,93.0,227.0,96.0,93.0,107.0,151.0,163.0,241.0,162.0,353.0,54.0,178.0,233.0,163.0,401.0,118.0,57.0,419.0,448.0
13.0,14.0,20.0,18.0,26.0,22.0,38.0,8.0,5.0,9.0,19.0,27.0,7.0,40.0,6.0,10.0,21.0,4.0,15.0,46.0,10.0,24.0,26.0,32.0,9.0,17.0,12.0,18.0,53.0,8.0,36.0,3.0,18.0,20.0,23.0,36.0,24.0,19.0,21.0,34.0,32.0,52.0,24.0,67.0,20.0,14.0,31.0,6.0,17.0,22.0,36.0,48.0,0.0,27.0,5.0,21.0,31.0,17.0,18.0,10.0,24.0,13.0,26.0,10.0,35.0,40.0,11.0,10.0,20.0,60.0,5.0,8.0,19.0,50.0,13.0,6.0,9.0,23.0,85.0,14.0,14.0,16.0,16.0,28.0,39.0,12.0,4.0,35.0,13.0,32.0,36.0,41.0,26.0,25.0,22.0,62.0,21.0,32.0,19.0,18.0,26.0,21.0,12.0,13.0,21.0,35.0,19.0,27.0,17.0,17.0,20.0,19.0,20.0,36.0,7.0,31.0,21.0,35.0,37.0,26.0,10.0,26.0,48.0
29.0,17.0,50.0,50.0,72.0,39.0,114.0,15.0,15.0,9.0,43.0,82.0,21.0,113.0,5.0,33.0,57.0,6.0,38.0,95.0,17.0,35.0,77.0,81.0,22.0,45.0,16.0,48.0,130.0,25.0,74.0,9.0,49.0,36.0,55.0,89.0,44.0,37.0,52.0,68.0,51.0,107.0,71.0,197.0,53.0,47.0,72.0,13.0,47.0,53.0,75.0,108.0,18.0,0.0,9.0,39.0,83.0,40.0,63.0,19.0,87.0,63.0,40.0,13.0,88.0,98.0,34.0,42.0,51.0,131.0,16.0,15.0,26.0,115.0,48.0,23.0,21.0,42.0,216.0,46.0,53.0,32.0,46.0,58.0,116.0,55.0,19.0,99.0,31.0,106.0,88.0,124.0,45.0,93.0,39.0,161.0,70.0,70.0,27.0,37.0,55.0,34.0,19.0,39.0,35.0,73.0,33.0,33.0,47.0,65.0,65.0,38.0,71.0,87.0,21.0,78.0,52.0,62.0,125.0,47.0,22.0,125.0,148.0
12.0,7.0,12.0,5.0,13.0,9.0,27.0,4.0,6.0,4.0,17.0,20.0,6.0,23.0,5.0,6.0,16.0,4.0,17.0,21.0,6.0,13.0,26.0,21.0,7.0,9.0,1.0,8.0,31.0,8.0,20.0,4.0,7.0,8.0,9.0,13.0,11.0,16.0,13.0,16.0,9.0,31.0,15.0,47.0,11.0,14.0,22.0,8.0,14.0,10.0,21.0,33.0,5.0,24.0,0.0,8.0,16.0,14.0,15.0,4.0,16.0,12.0,9.0,3.0,16.0,30.0,20.0,11.0,10.0,31.0,7.0,7.0,16.0,36.0,17.0,6.0,6.0,17.0,50.0,10.0,12.0,11.0,9.0,10.0,28.0,12.0,5.0,21.0,9.0,23.0,24.0,29.0,5.0,19.0,5.0,31.0,10.0,16.0,8.0,11.0,18.0,9.0,9.0,8.0,6.0,29.0,8.0,14.0,8.0,18.0,17.0,7.0,21.0,26.0,8.0,17.0,11.0,10.0,27.0,17.0,13.0,23.0,26.0
28.0,21.0,34.0,36.0,61.0,41.0,68.0,14.0,7.0,5.0,38.0,63.0,5.0,86.0,2.0,25.0,31.0,14.0,25.0,75.0,21.0,28.0,92.0,60.0,11.0,30.0,13.0,28.0,88.0,18.0,64.0,9.0,33.0,28.0,38.0,57.0,34.0,34.0,36.0,76.0,53.0,95.0,61.0,137.0,34.0,37.0,52.0,12.0,42.0,38.0,48.0,100.0,23.0,42.0,14.0,0.0,59.0,36.0,44.0,8.0,58.0,38.0,32.0,11.0,71.0,70.0,39.0,21.0,49.0,107.0,12.0,14.0,23.0,88.0,27.0,14.0,16.0,46.0,172.0,28.0,37.0,33.0,43.0,36.0,81.0,39.0,12.0,74.0,27.0,79.0,54.0,81.0,30.0,59.0,29.0,125.0,38.0,43.0,20.0,26.0,39.0,31.0,16.0,27.0,32.0,61.0,20.0,17.0,36.0,52.0,41.0,27.0,51.0,61.0,13.0,71.0,38.0,52.0,74.0,29.0,31.0,80.0,97.0
35.0,34.0,45.0,48.0,66.0,46.0,132.0,23.0,7.0,9.0,39.0,93.0,17.0,113.0,5.0,39.0,67.0,7.0,35.0,119.0,14.0,51.0,125.0,95.0,25.0,52.0,21.0,32.0,125.0,35.0,98.0,16.0,53.0,47.0,62.0,94.0,54.0,65.0,65.0,98.0,48.0,153.0,107.0,214.0,52.0,49.0,85.0,18.0,52.0,65.0,92.0,127.0,25.0,65.0,14.0,60.0,0.0,69.0,51.0,16.0,87.0,72.0,70.0,14.0,107.0,136.0,45.0,31.0,52.0,144.0,21.0,22.0,39.0,146.0,46.0,25.0,33.0,81.0,263.0,34.0,58.0,43.0,49.0,59.0,122.0,72.0,20.0,113.0,44.0,116.0,91.0,135.0,59.0,93.0,46.0,197.0,55.0,66.0,39.0,49.0,78.0,50.0,16.0,45.0,41.0,97.0,40.0,41.0,49.0,70.0,80.0,45.0,68.0,89.0,27.0,79.0,40.0,62.0,100.0,58.0,40.0,112.0,146.0
33.0,19.0,49.0,35.0,81.0,45.0,97.0,22.0,9.0,15.0,50.0,70.0,11.0,87.0,8.0,35.0,52.0,11.0,37.0,109.0,14.0,39.0,117.0,86.0,26.0,34.0,28.0,37.0,106.0,16.0,83.0,5.0,34.0,39.0,45.0,96.0,44.0,46.0,41.0,68.0,46.0,120.0,93.0,170.0,39.0,45.0,83.0,18.0,49.0,62.0,62.0,115.0,24.0,51.0,14.0,39.0,66.0,0.0,30.0,15.0,68.0,59.0,49.0,16.0,87.0,97.0,44.0,36.0,38.0,138.0,19.0,35.0,28.0,110.0,44.0,26.0,15.0,70.0,199.0,28.0,55.0,37.0,43.0,37.0,88.0,51.0,11.0,79.0,31.0,84.0,74.0,97.0,55.0,65.0,51.0,146.0,46.0,69.0,32.0,28.0,63.0,36.0,9.0,37.0,46.0,89.0,25.0,24.0,42.0,57.0,63.0,31.0,61.0,68.0,19.0,85.0,31.0,45.0,116.0,44.0,32.0,87.0,125.0
30.0,20.0,53.0,50.0,131.0,33.0,87.0,12.0,10.0,9.0,39.0,97.0,8.0,88.0,8.0,33.0,75.0,9.0,31.0,82.0,20.0,34.0,49.0,63.0,17.0,44.0,22.0,37.0,122.0,11.0,57.0,15.0,30.0,45.0,41.0,75.0,39.0,37.0,51.0,72.0,48.0,100.0,83.0,166.0,33.0,45.0,77.0,13.0,40.0,42.0,74.0,109.0,13.0,58.0,8.0,31.0,43.0,44.0,0.0,14.0,76.0,53.0,32.0,11.0,81.0,95.0,36.0,46.0,51.0,112.0,14.0,13.0,23.0,88.0,51.0,26.0,5.0,36.0,188.0,15.0,45.0,35.0,29.0,42.0,84.0,59.0,14.0,87.0,25.0,97.0,61.0,86.0,42.0,71.0,32.0,160.0,80.0,45.0,17.0,33.0,42.0,27.0,27.0,32.0,28.0,56.0,34.0,41.0,36.0,50.0,54.0,39.0,62.0,84.0,18.0,52.0,48.0,52.0,85.0,48.0,14.0,91.0,132.0
12.0,6.0,17.0,11.0,23.0,26.0,38.0,8.0,3.0,4.0,22.0,21.0,3.0,31.0,3.0,7.0,13.0,5.0,7.0,22.0,5.0,13.0,21.0,30.0,12.0,9.0,4.0,4.0,42.0,3.0,38.0,4.0,8.0,8.0,19.0,14.0,21.0,17.0,13.0,25.0,17.0,48.0,24.0,45.0,17.0,11.0,33.0,8.0,16.0,25.0,31.0,41.0,11.0,19.0,2.0,6.0,22.0,5.0,11.0,0.0,16.0,19.0,19.0,7.0,30.0,54.0,9.0,8.0,17.0,34.0,5.0,9.0,10.0,39.0,13.0,7.0,5.0,12.0,67.0,12.0,8.0,19.0,15.0,19.0,25.0,11.0,6.0,26.0,10.0,26.0,34.0,37.0,16.0,21.0,11.0,44.0,10.0,30.0,11.0,15.0,29.0,13.0,3.0,12.0,9.0,18.0,10.0,14.0,11.0,16.0,21.0,18.0,24.0,33.0,14.0,24.0,10.0,26.0,27.0,14.0,16.0,35.0,38.0
37.0,31.0,68.0,75.0,85.0,51.0,144.0,34.0,16.0,18.0,66.0,131.0,15.0,117.0,7.0,62.0,66.0,12.0,45.0,147.0,15.0,50.0,134.0,102.0,17.0,44.0,47.0,59.0,151.0,29.0,125.0,15.0,40.0,43.0,67.0,101.0,78.0,70.0,61.0,120.0,68.0,147.0,121.0,244.0,60.0,62.0,118.0,16.0,58.0,85.0,77.0,152.0,27.0,88.0,15.0,46.0,97.0,57.0,67.0,18.0,0.0,75.0,62.0,28.0,122.0,131.0,46.0,32.0,61.0,197.0,17.0,20.0,41.0,173.0,75.0,26.0,23.0,90.0,287.0,40.0,74.0,56.0,55.0,74.0,139.0,63.0,18.0,139.0,40.0,176.0,137.0,149.0,67.0,114.0,50.0,254.0,103.0,89.0,45.0,46.0,91.0,43.0,27.0,57.0,49.0,96.0,49.0,47.0,59.0,102.0,73.0,60.0,102.0,92.0,35.0,88.0,48.0,82.0,140.0,59.0,28.0,160.0,201.0
31.0,27.0,71.0,63.0,91.0,78.0,143.0,20.0,15.0,18.0,74.0,114.0,10.0,160.0,8.0,54.0,71.0,14.0,49.0,136.0,18.0,48.0,138.0,113.0,21.0,47.0,31.0,56.0,167.0,24.0,93.0,11.0,57.0,47.0,66.0,109.0,70.0,63.0,60.0,113.0,65.0,153.0,143.0,220.0,50.0,75.0,121.0,28.0,62.0,76.0,115.0,154.0,23.0,107.0,13.0,42.0,98.0,61.0,59.0,26.0,103.0,0.0,55.0,14.0,114.0,151.0,50.0,46.0,74.0,153.0,19.0,33.0,38.0,183.0,69.0,32.0,37.0,89.0,304.0,41.0,65.0,62.0,69.0,58.0,135.0,63.0,16.0,137.0,40.0,134.0,124.0,127.0,58.0,110.0,57.0,217.0,88.0,83.0,36.0,51.0,102.0,57.0,20.0,43.0,50.0,121.0,47.0,61.0,54.0,80.0,100.0,59.0,84.0,98.0,31.0,103.0,60.0,92.0,136.0,60.0,25.0,140.0,192.0
15.0,21.0,33.0,54.0,60.0,44.0,97.0,16.0,6.0,12.0,37.0,70.0,11.0,85.0,7.0,27.0,39.0,13.0,26.0,85.0,4.0,43.0,59.0,71.0,14.0,27.0,23.0,12.0,112.0,19.0,61.0,9.0,39.0,36.0,47.0,73.0,42.0,43.0,36.0,62.0,50.0,91.0,67.0,155.0,31.0,47.0,75.0,18.0,32.0,52.0,63.0,95.0,25.0,53.0,7.0,37.0,60.0,30.0,42.0,18.0,62.0,52.0,0.0,18.0,67.0,121.0,31.0,31.0,44.0,101.0,17.0,24.0,18.0,113.0,36.0,15.0,17.0,55.0,187.0,29.0,34.0,26.0,37.0,44.0,77.0,36.0,11.0,98.0,18.0,76.0,53.0,78.0,40.0,66.0,31.0,124.0,33.0,44.0,23.0,30.0,55.0,37.0,23.0,32.0,21.0,73.0,39.0,40.0,30.0,48.0,62.0,29.0,49.0,66.0,19.0,78.0,34.0,47.0,80.0,40.0,24.0,86.0,98.0
8.0,12.0,19.0,16.0,23.0,13.0,31.0,12.0,7.0,7.0,23.0,35.0,6.0,25.0,3.0,10.0,12.0,5.0,14.0,31.0,5.0,9.0,25.0,24.0,10.0,15.0,17.0,10.0,44.0,8.0,36.0,5.0,10.0,15.0,11.0,25.0,12.0,11.0,17.0,31.0,23.0,40.0,29.0,66.0,11.0,18.0,27.0,9.0,23.0,26.0,20.0,38.0,6.0,23.0,2.0,10.0,15.0,12.0,18.0,3.0,20.0,18.0,18.0,0.0,26.0,50.0,12.0,8.0,13.0,40.0,4.0,9.0,16.0,54.0,13.0,2.0,10.0,20.0,64.0,10.0,13.0,7.0,8.0,9.0,25.0,15.0,9.0,31.0,13.0,35.0,26.0,38.0,15.0,23.0,10.0,40.0,19.0,28.0,14.0,18.0,20.0,15.0,6.0,17.0,19.0,36.0,6.0,17.0,11.0,17.0,14.0,12.0,14.0,19.0,6.0,31.0,11.0,17.0,34.0,16.0,12.0,29.0,32.0
35.0,44.0,75.0,74.0,95.0,70.0,185.0,24.0,17.0,15.0,78.0,116.0,22.0,162.0,9.0,45.0,100.0,13.0,50.0,165.0,20.0,60.0,145.0,105.0,40.0,59.0,38.0,53.0,228.0,37.0,125.0,17.0,78.0,71.0,87.0,115.0,104.0,73.0,79.0,143.0,74.0,160.0,133.0,292.0,67.0,73.0,147.0,33.0,87.0,87.0,116.0,185.0,38.0,107.0,13.0,47.0,96.0,79.0,76.0,26.0,102.0,98.0,74.0,29.0,0.0,186.0,59.0,53.0,89.0,197.0,24.0,18.0,45.0,197.0,57.0,45.0,34.0,101.0,376.0,60.0,78.0,50.0,80.0,67.0,115.0,71.0,27.0,164.0,31.0,188.0,148.0,152.0,67.0,113.0,67.0,235.0,111.0,90.0,41.0,38.0,91.0,65.0,24.0,62.0,56.0,136.0,66.0,66.0,54.0,103.0,84.0,77.0,122.0,135.0,38.0,103.0,73.0,74.0,164.0,69.0,50.0,173.0,201.0
58.0,57.0,112.0,95.0,116.0,138.0,210.0,38.0,26.0,28.0,97.0,191.0,22.0,195.0,27.0,43.0,111.0,25.0,83.0,206.0,34.0,73.0,149.0,141.0,54.0,65.0,41.0,59.0,269.0,40.0,159.0,17.0,87.0,98.0,118.0,172.0,107.0,89.0,104.0,139.0,110.0,277.0,186.0,392.0,88.0,102.0,181.0,45.0,99.0,155.0,196.0,259.0,41.0,125.0,29.0,81.0,106.0,91.0,87.0,43.0,126.0,142.0,129.0,47.0,167.0,0.0,53.0,69.0,118.0,293.0,32.0,39.0,53.0,277.0,94.0,49.0,38.0,131.0,480.0,50.0,110.0,81.0,91.0,104.0,190.0,79.0,31.0,213.0,74.0,204.0,184.0,239.0,93.0,132.0,93.0,363.0,123.0,138.0,57.0,74.0,151.0,119.0,42.0,59.0,76.0,184.0,67.0,70.0,78.0,114.0,136.0,88.0,128.0,191.0,44.0,180.0,86.0,118.0,211.0,90.0,56.0,215.0,281.0
22.0,26.0,42.0,27.0,47.0,41.0,86.0,15.0,7.0,13.0,31.0,45.0,11.0,76.0,4.0,29.0,45.0,9.0,20.0,77.0,11.0,28.0,69.0,73.0,12.0,31.0,11.0,22.0,71.0,11.0,40.0,9.0,31.0,13.0,27.0,70.0,24.0,31.0,38.0,53.0,28.0,92.0,54.0,97.0,35.0,30.0,72.0,11.0,33.0,38.0,46.0,79.0,19.0,49.0,6.0,25.0,29.0,38.0,29.0,11.0,66.0,49.0,34.0,13.0,68.0,87.0,0.0,18.0,35.0,89.0,7.0,16.0,22.0,72.0,26.0,21.0,16.0,37.0,123.0,15.0,23.0,28.0,32.0,27.0,65.0,34.0,10.0,71.0,27.0,69.0,43.0,93.0,34.0,42.0,34.0,100.0,41.0,54.0,23.0,26.0,35.0,23.0,14.0,23.0,17.0,44.0,18.0,23.0,30.0,31.0,40.0,39.0,39.0,50.0,17.0,52.0,25.0,41.0,78.0,43.0,20.0,76.0,98.0
23.0,17.0,21.0,23.0,29.0,26.0,66.0,11.0,2.0,8.0,23.0,53.0,10.0,44.0,5.0,22.0,30.0,3.0,27.0,57.0,5.0,14.0,52.0,47.0,17.0,15.0,14.0,15.0,62.0,14.0,49.0,2.0,24.0,31.0,27.0,52.0,33.0,29.0,33.0,49.0,30.0,60.0,52.0,89.0,22.0,23.0,36.0,6.0,30.0,36.0,48.0,69.0,19.0,43.0,4.0,16.0,44.0,30.0,38.0,12.0,53.0,38.0,16.0,11.0,45.0,58.0,26.0,0.0,38.0,72.0,14.0,8.0,22.0,68.0,24.0,23.0,11.0,32.0,137.0,13.0,33.0,19.0,27.0,32.0,66.0,25.0,10.0,60.0,23.0,63.0,52.0,79.0,35.0,41.0,26.0,95.0,49.0,39.0,18.0,21.0,44.0,25.0,14.0,16.0,25.0,50.0,19.0,12.0,23.0,34.0,34.0,25.0,41.0,49.0,13.0,46.0,17.0,33.0,51.0,29.0,11.0,53.0,103.0
21.0,29.0,54.0,62.0,70.0,46.0,92.0,21.0,11.0,13.0,54.0,74.0,17.0,107.0,11.0,37.0,50.0,9.0,17.0,104.0,16.0,39.0,94.0,90.0,26.0,43.0,37.0,28.0,103.0,18.0,78.0,9.0,51.0,50.0,55.0,101.0,53.0,36.0,46.0,69.0,49.0,102.0,91.0,186.0,44.0,52.0,105.0,12.0,51.0,63.0,79.0,105.0,19.0,60.0,9.0,38.0,58.0,42.0,66.0,12.0,65.0,54.0,42.0,19.0,93.0,120.0,39.0,43.0,0.0,126.0,23.0,15.0,29.0,116.0,50.0,27.0,24.0,77.0,224.0,30.0,48.0,29.0,44.0,51.0,80.0,51.0,12.0,110.0,31.0,124.0,99.0,109.0,49.0,71.0,43.0,184.0,64.0,83.0,38.0,40.0,65.0,45.0,21.0,41.0,32.0,77.0,30.0,43.0,25.0,68.0,95.0,37.0,53.0,85.0,18.0,71.0,46.0,63.0,125.0,51.0,22.0,126.0,156.0
70.0,54.0,106.0,122.0,206.0,101.0,228.0,36.0,21.0,24.0,100.0,197.0,28.0,225.0,22.0,79.0,129.0,18.0,65.0,249.0,40.0,103.0,214.0,194.0,35.0,91.0,67.0,75.0,262.0,42.0,159.0,17.0,78.0,117.0,109.0,180.0,134.0,94.0,101.0,174.0,121.0,257.0,212.0,435.0,107.0,97.0,183.0,27.0,119.0,133.0,173.0,278.0,59.0,175.0,34.0,79.0,152.0,74.0,126.0,32.0,205.0,133.0,92.0,42.0,206.0,214.0,93.0,75.0,145.0,0.0,50.0,46.0,55.0,308.0,113.0,48.0,42.0,135.0,570.0,67.0,122.0,79.0,87.0,114.0,228.0,117.0,35.0,255.0,72.0,260.0,175.0,234.0,109.0,182.0,96.0,395.0,150.0,161.0,54.0,80.0,157.0,93.0,37.0,83.0,98.0,190.0,83.0,67.0,98.0,171.0,131.0,100.0,173.0,201.0,33.0,159.0,99.0,121.0,242.0,99.0,56.0,258.0,328.0
12.0,18.0,14.0,21.0,33.0,16.0,38.0,11.0,3.0,7.0,20.0,18.0,6.0,34.0,4.0,10.0,26.0,7.0,10.0,38.0,8.0,22.0,28.0,28.0,8.0,19.0,14.0,12.0,46.0,9.0,19.0,8.0,22.0,14.0,13.0,40.0,19.0,24.0,19.0,19.0,21.0,39.0,29.0,81.0,16.0,19.0,30.0,2.0,23.0,16.0,36.0,33.0,6.0,26.0,5.0,13.0,26.0,18.0,19.0,6.0,35.0,19.0,17.0,6.0,42.0,42.0,14.0,13.0,15.0,55.0,0.0,6.0,13.0,41.0,10.0,7.0,9.0,28.0,76.0,9.0,24.0,7.0,14.0,11.0,32.0,20.0,7.0,32.0,15.0,45.0,44.0,36.0,18.0,24.0,18.0,56.0,17.0,22.0,9.0,17.0,21.0,9.0,10.0,9.0,13.0,27.0,16.0,18.0,17.0,25.0,17.0,18.0,27.0,29.0,11.0,20.0,16.0,15.0,39.0,26.0,10.0,49.0,51.0
6.0,11.0,21.0,27.0,26.0,18.0,48.0,12.0,4.0,8.0,19.0,30.0,3.0,39.0,2.0,19.0,22.0,8.0,13.0,35.0,6.0,17.0,42.0,40.0,12.0,15.0,12.0,21.0,55.0,14.0,25.0,7.0,15.0,19.0,22.0,31.0,29.0,24.0,10.0,37.0,25.0,51.0,41.0,57.0,12.0,20.0,30.0,10.0,20.0,23.0,47.0,43.0,10.0,16.0,5.0,15.0,40.0,14.0,19.0,6.0,29.0,22.0,18.0,7.0,31.0,42.0,18.0,14.0,25.0,46.0,6.0,0.0,15.0,41.0,18.0,12.0,7.0,16.0,92.0,13.0,17.0,13.0,17.0,14.0,31.0,23.0,9.0,35.0,10.0,33.0,34.0,34.0,23.0,22.0,18.0,63.0,29.0,17.0,13.0,9.0,28.0,14.0,4.0,9.0,15.0,47.0,11.0,18.0,15.0,17.0,40.0,28.0,27.0,32.0,15.0,41.0,23.0,25.0,43.0,25.0,13.0,36.0,55.0
17.0,18.0,32.0,36.0,38.0,23.0,50.0,18.0,7.0,6.0,35.0,51.0,7.0,61.0,6.0,17.0,33.0,4.0,16.0,56.0,8.0,19.0,61.0,38.0,13.0,23.0,12.0,26.0,64.0,12.0,32.0,6.0,19.0,15.0,27.0,57.0,34.0,27.0,29.0,41.0,35.0,59.0,48.0,98.0,20.0,21.0,50.0,8.0,35.0,23.0,51.0,50.0,11.0,41.0,7.0,21.0,45.0,21.0,18.0,11.0,36.0,30.0,23.0,5.0,48.0,67.0,30.0,17.0,35.0,55.0,10.0,13.0,0.0,65.0,24.0,10.0,14.0,38.0,122.0,33.0,30.0,23.0,24.0,31.0,51.0,31.0,7.0,62.0,17.0,70.0,25.0,56.0,33.0,42.0,18.0,79.0,39.0,39.0,17.0,23.0,36.0,26.0,12.0,14.0,16.0,39.0,12.0,15.0,22.0,27.0,39.0,26.0,43.0,47.0,11.0,44.0,34.0,41.0,71.0,26.0,14.0,47.0,79.0
61.0,54.0,142.0,97.0,171.0,126.0,366.0,40.0,28.0,24.0,124.0,222.0,30.0,242.0,12.0,86.0,124.0,24.0,87.0,356.0,32.0,101.0,193.0,183.0,39.0,94.0,58.0,198.0,488.0,33.0,171.0,23.0,84.0,101.0,111.0,211.0,130.0,112.0,108.0,179.0,119.0,259.0,340.0,621.0,111.0,94.0,193.0,39.0,210.0,161.0,189.0,389.0,62.0,155.0,25.0,80.0,148.0,96.0,111.0,44.0,170.0,157.0,130.0,37.0,196.0,290.0,100.0,77.0,129.0,279.0,60.0,39.0,60.0,0.0,116.0,57.0,33.0,141.0,657.0,78.0,106.0,78.0,91.0,89.0,220.0,97.0,23.0,244.0,73.0,245.0,342.0,228.0,119.0,183.0,81.0,648.0,158.0,165.0,83.0,98.0,164.0,104.0,33.0,214.0,107.0,178.0,78.0,104.0,90.0,158.0,157.0,214.0,147.0,364.0,53.0,178.0,221.0,136.0,402.0,77.0,70.0,368.0,442.0
33.0,22.0,40.0,31.0,62.0,25.0,88.0,13.0,12.0,8.0,39.0,75.0,6.0,74.0,3.0,34.0,48.0,5.0,26.0,80.0,13.0,29.0,67.0,67.0,9.0,30.0,22.0,26.0,90.0,15.0,127.0,6.0,48.0,40.0,46.0,75.0,45.0,31.0,33.0,61.0,46.0,77.0,70.0,138.0,29.0,40.0,74.0,21.0,39.0,45.0,81.0,80.0,20.0,70.0,11.0,35.0,51.0,28.0,52.0,17.0,65.0,63.0,38.0,20.0,86.0,79.0,22.0,26.0,43.0,93.0,26.0,20.0,25.0,119.0,0.0,15.0,17.0,48.0,169.0,22.0,35.0,20.0,31.0,46.0,79.0,45.0,16.0,71.0,30.0,76.0,85.0,64.0,42.0,55.0,34.0,136.0,51.0,66.0,28.0,51.0,53.0,17.0,16.0,27.0,39.0,68.0,24.0,44.0,33.0,48.0,38.0,31.0,59.0,62.0,16.0,47.0,35.0,62.0,94.0,33.0,11.0,84.0,108.0
17.0,14.0,25.0,18.0,38.0,29.0,60.0,7.0,4.0,6.0,22.0,46.0,5.0,48.0,5.0,13.0,26.0,5.0,21.0,47.0,9.0,17.0,36.0,41.0,14.0,13.0,10.0,12.0,55.0,9.0,32.0,2.0,21.0,16.0,23.0,33.0,23.0,17.0,14.0,39.0,18.0,50.0,50.0,73.0,18.0,20.0,42.0,9.0,24.0,28.0,36.0,60.0,4.0,40.0,8.0,16.0,32.0,16.0,24.0,8.0,42.0,28.0,24.0,10.0,35.0,50.0,11.0,16.0,26.0,56.0,10.0,7.0,19.0,50.0,25.0,0.0,9.0,24.0,105.0,20.0,18.0,19.0,18.0,24.0,52.0,20.0,10.0,42.0,11.0,56.0,53.0,61.0,26.0,37.0,34.0,74.0,23.0,36.0,11.0,21.0,24.0,20.0,4.0,13.0,20.0,38.0,16.0,22.0,17.0,22.0,33.0,24.0,29.0,41.0,8.0,37.0,28.0,26.0,38.0,24.0,16.0,49.0,65.0
13.0,11.0,14.0,28.0,30.0,14.0,47.0,12.0,4.0,3.0,21.0,37.0,8.0,44.0,3.0,14.0,30.0,4.0,17.0,28.0,12.0,18.0,38.0,34.0,6.0,11.0,13.0,23.0,56.0,12.0,39.0,5.0,15.0,21.0,25.0,34.0,23.0,18.0,13.0,33.0,17.0,47.0,29.0,52.0,24.0,22.0,44.0,8.0,16.0,21.0,28.0,39.0,7.0,26.0,4.0,17.0,28.0,15.0,11.0,6.0,34.0,24.0,20.0,10.0,36.0,45.0,17.0,19.0,24.0,54.0,6.0,10.0,16.0,47.0,18.0,12.0,0.0,26.0,85.0,10.0,22.0,10.0,19.0,22.0,32.0,17.0,4.0,45.0,13.0,58.0,32.0,41.0,19.0,36.0,13.0,77.0,33.0,32.0,21.0,13.0,33.0,21.0,12.0,18.0,11.0,32.0,13.0,21.0,14.0,29.0,24.0,13.0,22.0,39.0,8.0,27.0,15.0,30.0,39.0,16.0,21.0,43.0,45.0
38.0,30.0,55.0,63.0,94.0,67.0,117.0,30.0,16.0,25.0,62.0,96.0,19.0,103.0,18.0,52.0,48.0,5.0,52.0,127.0,17.0,47.0,131.0,109.0,18.0,43.0,40.0,50.0,141.0,22.0,98.0,12.0,51.0,49.0,53.0,108.0,60.0,56.0,48.0,94.0,66.0,160.0,124.0,217.0,52.0,66.0,96.0,16.0,62.0,64.0,113.0,153.0,31.0,66.0,14.0,50.0,85.0,53.0,49.0,20.0,106.0,65.0,57.0,25.0,108.0,130.0,59.0,38.0,60.0,142.0,26.0,29.0,42.0,152.0,54.0,22.0,28.0,0.0,273.0,42.0,64.0,43.0,59.0,52.0,118.0,50.0,18.0,136.0,30.0,139.0,95.0,119.0,61.0,82.0,42.0,182.0,87.0,73.0,51.0,47.0,87.0,57.0,27.0,39.0,49.0,103.0,43.0,28.0,46.0,68.0,71.0,46.0,77.0,93.0,32.0,88.0,57.0,63.0,146.0,60.0,34.0,124.0,160.0
134.0,92.0,175.0,173.0,281.0,226.0,538.0,56.0,50.0,51.0,214.0,339.0,46.0,408.0,27.0,148.0,199.0,43.0,146.0,543.0,49.0,151.0,353.0,321.0,77.0,152.0,93.0,225.0,620.0,88.0,273.0,28.0,137.0,172.0,228.0,324.0,210.0,194.0,158.0,318.0,202.0,488.0,538.0,833.0,156.0,182.0,316.0,59.0,360.0,302.0,311.0,607.0,96.0,251.0,52.0,141.0,265.0,170.0,168.0,70.0,294.0,231.0,200.0,50.0,343.0,476.0,147.0,122.0,197.0,527.0,76.0,83.0,94.0,635.0,152.0,99.0,67.0,229.0,0.0,110.0,189.0,138.0,162.0,203.0,462.0,185.0,58.0,410.0,158.0,437.0,499.0,450.0,216.0,303.0,153.0,899.0,242.0,259.0,129.0,188.0,246.0,162.0,85.0,231.0,130.0,302.0,105.0,148.0,162.0,285.0,313.0,325.0,241.0,442.0,83.0,314.0,285.0,226.0,556.0,189.0,110.0,559.0,667.0
18.0,22.0,29.0,41.0,60.0,27.0,71.0,16.0,6.0,10.0,36.0,64.0,10.0,78.0,7.0,16.0,40.0,1.0,29.0,59.0,12.0,22.0,44.0,50.0,17.0,22.0,18.0,15.0,98.0,12.0,53.0,10.0,21.0,26.0,27.0,54.0,32.0,37.0,39.0,54.0,37.0,71.0,66.0,113.0,16.0,34.0,55.0,21.0,31.0,55.0,38.0,69.0,20.0,49.0,6.0,17.0,52.0,23.0,25.0,6.0,44.0,42.0,29.0,12.0,63.0,78.0,22.0,29.0,42.0,87.0,12.0,12.0,15.0,83.0,23.0,18.0,11.0,43.0,137.0,0.0,34.0,20.0,38.0,31.0,51.0,33.0,11.0,65.0,22.0,70.0,52.0,81.0,36.0,32.0,24.0,126.0,29.0,52.0,19.0,25.0,48.0,35.0,17.0,24.0,21.0,47.0,22.0,22.0,23.0,33.0,36.0,26.0,40.0,71.0,17.0,44.0,22.0,50.0,75.0,19.0,18.0,66.0,99.0
30.0,32.0,61.0,41.0,85.0,53.0,102.0,18.0,11.0,13.0,43.0,75.0,17.0,101.0,10.0,36.0,53.0,8.0,44.0,109.0,16.0,40.0,96.0,72.0,24.0,48.0,31.0,46.0,106.0,18.0,80.0,8.0,54.0,39.0,48.0,95.0,54.0,48.0,60.0,75.0,51.0,129.0,80.0,175.0,42.0,48.0,92.0,14.0,47.0,74.0,82.0,135.0,24.0,61.0,14.0,34.0,64.0,53.0,48.0,14.0,85.0,69.0,50.0,15.0,92.0,105.0,50.0,35.0,64.0,154.0,27.0,21.0,28.0,124.0,50.0,19.0,25.0,86.0,209.0,41.0,0.0,46.0,51.0,60.0,105.0,55.0,15.0,114.0,37.0,136.0,76.0,121.0,43.0,79.0,41.0,181.0,69.0,76.0,31.0,37.0,53.0,37.0,17.0,41.0,28.0,68.0,34.0,36.0,45.0,60.0,60.0,39.0,76.0,88.0,27.0,81.0,55.0,82.0,120.0,51.0,14.0,99.0,161.0
21.0,14.0,31.0,39.0,45.0,45.0,73.0,7.0,8.0,12.0,32.0,52.0,12.0,55.0,4.0,28.0,33.0,8.0,21.0,67.0,12.0,19.0,64.0,51.0,13.0,27.0,23.0,22.0,80.0,15.0,56.0,5.0,34.0,26.0,27.0,59.0,33.0,18.0,33.0,54.0,43.0,63.0,65.0,132.0,33.0,37.0,56.0,9.0,28.0,30.0,53.0,80.0,9.0,42.0,11.0,30.0,57.0,37.0,30.0,12.0,57.0,42.0,21.0,10.0,67.0,61.0,19.0,24.0,39.0,95.0,9.0,14.0,23.0,75.0,27.0,16.0,13.0,47.0,129.0,23.0,40.0,0.0,25.0,35.0,65.0,26.0,7.0,64.0,17.0,61.0,68.0,66.0,30.0,39.0,26.0,115.0,42.0,33.0,20.0,17.0,47.0,23.0,11.0,19.0,19.0,47.0,32.0,24.0,29.0,50.0,35.0,32.0,42.0,42.0,14.0,51.0,34.0,35.0,66.0,36.0,13.0,71.0,91.0
18.0,26.0,37.0,37.0,57.0,31.0,81.0,21.0,15.0,12.0,32.0,74.0,6.0,88.0,7.0,29.0,36.0,9.0,25.0,67.0,12.0,34.0,83.0,45.0,23.0,29.0,21.0,24.0,107.0,17.0,46.0,8.0,32.0,23.0,38.0,79.0,53.0,26.0,36.0,49.0,45.0,75.0,60.0,142.0,40.0,31.0,83.0,14.0,29.0,52.0,54.0,90.0,13.0,55.0,8.0,23.0,55.0,46.0,37.0,18.0,71.0,48.0,37.0,12.0,72.0,97.0,28.0,26.0,52.0,115.0,19.0,18.0,22.0,97.0,35.0,17.0,18.0,40.0,167.0,25.0,51.0,21.0,0.0,46.0,70.0,29.0,11.0,89.0,18.0,80.0,74.0,75.0,38.0,53.0,24.0,139.0,49.0,59.0,24.0,35.0,42.0,25.0,17.0,27.0,27.0,59.0,32.0,35.0,33.0,49.0,51.0,40.0,56.0,75.0,27.0,45.0,38.0,56.0,69.0,30.0,16.0,78.0,89.0
22.0,21.0,47.0,36.0,63.0,42.0,70.0,8.0,13.0,10.0,46.0,92.0,8.0,72.0,9.0,33.0,40.0,5.0,30.0,77.0,17.0,36.0,53.0,57.0,16.0,20.0,19.0,26.0,117.0,17.0,43.0,9.0,48.0,37.0,44.0,56.0,44.0,24.0,22.0,59.0,55.0,76.0,79.0,139.0,33.0,38.0,53.0,14.0,33.0,61.0,52.0,89.0,15.0,52.0,10.0,31.0,43.0,30.0,45.0,11.0,55.0,51.0,39.0,16.0,66.0,108.0,25.0,33.0,42.0,108.0,12.0,16.0,20.0,103.0,39.0,12.0,9.0,41.0,164.0,25.0,27.0,25.0,30.0,0.0,56.0,42.0,7.0,75.0,29.0,75.0,53.0,92.0,46.0,63.0,25.0,152.0,49.0,60.0,20.0,32.0,40.0,32.0,6.0,27.0,27.0,60.0,18.0,28.0,28.0,44.0,53.0,36.0,59.0,65.0,12.0,36.0,27.0,46.0,73.0,31.0,22.0,99.0,137.0
57.0,42.0,113.0,108.0,165.0,85.0,211.0,31.0,35.0,30.0,109.0,162.0,25.0,208.0,13.0,71.0,95.0,20.0,59.0,215.0,42.0,75.0,186.0,146.0,40.0,87.0,47.0,67.0,229.0,51.0,149.0,22.0,97.0,64.0,108.0,191.0,113.0,96.0,94.0,177.0,91.0,246.0,198.0,344.0,105.0,90.0,167.0,33.0,103.0,129.0,147.0,235.0,51.0,143.0,19.0,88.0,142.0,97.0,69.0,32.0,180.0,117.0,76.0,26.0,194.0,227.0,77.0,68.0,99.0,277.0,39.0,40.0,54.0,242.0,88.0,43.0,35.0,130.0,565.0,57.0,87.0,68.0,85.0,93.0,0.0,100.0,33.0,229.0,58.0,225.0,155.0,225.0,85.0,151.0,106.0,330.0,98.0,124.0,61.0,74.0,125.0,80.0,42.0,85.0,89.0,167.0,58.0,66.0,83.0,131.0,122.0,107.0,141.0,171.0,46.0,149.0,87.0,116.0,212.0,111.0,38.0,207.0,302.0
27.0,31.0,36.0,50.0,72.0,39.0,88.0,23.0,12.0,13.0,54.0,78.0,6.0,93.0,5.0,38.0,39.0,9.0,31.0,83.0,17.0,34.0,77.0,61.0,18.0,28.0,20.0,34.0,101.0,12.0,59.0,11.0,40.0,34.0,34.0,75.0,41.0,43.0,45.0,62.0,34.0,81.0,78.0,157.0,41.0,50.0,65.0,10.0,41.0,60.0,75.0,102.0,21.0,58.0,12.0,34.0,47.0,56.0,45.0,15.0,69.0,54.0,38.0,14.0,79.0,82.0,27.0,29.0,47.0,100.0,19.0,21.0,17.0,104.0,38.0,22.0,15.0,70.0,190.0,30.0,54.0,38.0,40.0,38.0,101.0,0.0,9.0,81.0,29.0,109.0,74.0,92.0,39.0,61.0,37.0,138.0,59.0,61.0,22.0,42.0,53.0,40.0,14.0,27.0,26.0,76.0,35.0,34.0,39.0,56.0,56.0,48.0,64.0,53.0,20.0,58.0,45.0,50.0,106.0,49.0,21.0,95.0,111.0
11.0,7.0,14.0,8.0,24.0,19.0,34.0,9.0,3.0,4.0,15.0,33.0,5.0,37.0,6.0,10.0,19.0,3.0,12.0,27.0,6.0,18.0,29.0,21.0,3.0,18.0,8.0,7.0,40.0,10.0,26.0,3.0,16.0,16.0,15.0,33.0,10.0,11.0,20.0,25.0,10.0,35.0,36.0,62.0,12.0,16.0,25.0,12.0,18.0,20.0,25.0,40.0,8.0,28.0,12.0,13.0,12.0,15.0,17.0,2.0,26.0,15.0,12.0,6.0,26.0,36.0,15.0,15.0,20.0,38.0,7.0,9.0,12.0,39.0,19.0,8.0,3.0,25.0,72.0,14.0,15.0,11.0,13.0,13.0,26.0,20.0,0.0,40.0,10.0,33.0,16.0,37.0,16.0,25.0,17.0,43.0,22.0,26.0,6.0,4.0,22.0,12.0,9.0,12.0,13.0,25.0,13.0,15.0,12.0,22.0,19.0,12.0,24.0,35.0,6.0,18.0,11.0,21.0,29.0,18.0,6.0,37.0,56.0
54.0,52.0,66.0,98.0,133.0,91.0,157.0,31.0,24.0,20.0,75.0,136.0,17.0,185.0,15.0,50.0,90.0,10.0,54.0,171.0,29.0,85.0,145.0,141.0,36.0,70.0,38.0,51.0,203.0,33.0,134.0,13.0,74.0,64.0,83.0,126.0,74.0,85.0,62.0,131.0,83.0,188.0,164.0,279.0,80.0,82.0,155.0,17.0,94.0,94.0,128.0,205.0,32.0,130.0,23.0,72.0,110.0,70.0,97.0,34.0,137.0,92.0,73.0,30.0,136.0,204.0,70.0,63.0,101.0,219.0,29.0,31.0,40.0,220.0,85.0,40.0,30.0,74.0,402.0,35.0,75.0,57.0,73.0,78.0,166.0,76.0,26.0,0.0,53.0,199.0,144.0,191.0,69.0,121.0,61.0,284.0,112.0,107.0,41.0,61.0,96.0,71.0,40.0,58.0,57.0,114.0,60.0,69.0,67.0,111.0,78.0,79.0,113.0,116.0,35.0,109.0,83.0,96.0,192.0,84.0,50.0,177.0,222.0
20.0,19.0,43.0,33.0,48.0,26.0,82.0,14.0,13.0,9.0,35.0,62.0,14.0,74.0,5.0,24.0,31.0,5.0,22.0,55.0,9.0,32.0,65.0,48.0,21.0,20.0,30.0,24.0,85.0,11.0,53.0,3.0,23.0,34.0,27.0,46.0,39.0,28.0,33.0,54.0,33.0,68.0,62.0,123.0,20.0,40.0,64.0,16.0,40.0,30.0,48.0,68.0,11.0,46.0,3.0,16.0,31.0,34.0,21.0,6.0,42.0,38.0,26.0,8.0,63.0,65.0,27.0,16.0,43.0,87.0,11.0,10.0,22.0,72.0,30.0,18.0,19.0,35.0,147.0,20.0,36.0,23.0,31.0,25.0,49.0,28.0,8.0,56.0,0.0,62.0,54.0,64.0,32.0,43.0,26.0,102.0,30.0,49.0,23.0,25.0,34.0,25.0,12.0,23.0,29.0,57.0,30.0,19.0,29.0,54.0,59.0,30.0,42.0,52.0,22.0,53.0,32.0,30.0,67.0,29.0,15.0,60.0,88.0
58.0,44.0,89.0,83.0,122.0,82.0,187.0,28.0,20.0,15.0,87.0,156.0,21.0,154.0,11.0,64.0,98.0,15.0,45.0,183.0,16.0,75.0,141.0,145.0,33.0,83.0,39.0,55.0,252.0,31.0,136.0,14.0,71.0,87.0,86.0,162.0,101.0,106.0,86.0,133.0,106.0,207.0,174.0,344.0,85.0,91.0,150.0,30.0,75.0,121.0,131.0,212.0,34.0,146.0,19.0,69.0,106.0,82.0,96.0,32.0,137.0,107.0,76.0,36.0,154.0,209.0,75.0,57.0,87.0,238.0,35.0,31.0,47.0,207.0,85.0,33.0,34.0,109.0,366.0,65.0,88.0,68.0,69.0,83.0,194.0,92.0,25.0,180.0,40.0,0.0,180.0,210.0,82.0,149.0,86.0,295.0,160.0,128.0,50.0,62.0,91.0,74.0,33.0,57.0,57.0,131.0,84.0,64.0,54.0,120.0,108.0,58.0,129.0,144.0,32.0,117.0,84.0,123.0,190.0,80.0,41.0,207.0,304.0
47.0,35.0,76.0,60.0,114.0,58.0,286.0,28.0,20.0,16.0,62.0,117.0,22.0,146.0,14.0,50.0,69.0,11.0,55.0,250.0,17.0,61.0,123.0,110.0,25.0,52.0,30.0,177.0,351.0,31.0,105.0,9.0,48.0,64.0,69.0,136.0,76.0,68.0,53.0,111.0,71.0,163.0,270.0,456.0,71.0,74.0,126.0,19.0,185.0,94.0,110.0,274.0,25.0,99.0,24.0,55.0,85.0,52.0,59.0,26.0,109.0,90.0,69.0,27.0,159.0,185.0,57.0,47.0,65.0,166.0,23.0,28.0,47.0,356.0,88.0,23.0,24.0,80.0,440.0,46.0,74.0,47.0,64.0,60.0,137.0,93.0,24.0,122.0,45.0,138.0,0.0,146.0,68.0,121.0,57.0,465.0,92.0,115.0,34.0,58.0,92.0,57.0,24.0,166.0,51.0,94.0,49.0,64.0,55.0,98.0,91.0,195.0,106.0,269.0,35.0,112.0,185.0,88.0,265.0,75.0,34.0,262.0,329.0
58.0,55.0,84.0,73.0,157.0,87.0,192.0,25.0,24.0,24.0,82.0,172.0,25.0,187.0,13.0,57.0,104.0,22.0,60.0,196.0,27.0,62.0,135.0,166.0,36.0,67.0,39.0,61.0,211.0,40.0,135.0,11.0,62.0,69.0,90.0,135.0,109.0,92.0,74.0,134.0,104.0,211.0,169.0,325.0,76.0,90.0,145.0,29.0,60.0,121.0,138.0,225.0,49.0,111.0,19.0,76.0,126.0,86.0,96.0,38.0,138.0,103.0,88.0,34.0,129.0,211.0,96.0,65.0,76.0,221.0,27.0,44.0,40.0,208.0,89.0,44.0,39.0,112.0,407.0,75.0,72.0,64.0,66.0,109.0,200.0,77.0,31.0,182.0,54.0,195.0,168.0,0.0,80.0,131.0,78.0,297.0,123.0,130.0,63.0,73.0,147.0,84.0,28.0,58.0,55.0,129.0,64.0,71.0,91.0,134.0,142.0,67.0,141.0,179.0,38.0,138.0,78.0,100.0,217.0,98.0,35.0,207.0,229.0
21.0,23.0,32.0,35.0,61.0,48.0,95.0,12.0,13.0,14.0,51.0,95.0,14.0,92.0,9.0,35.0,50.0,5.0,30.0,85.0,10.0,41.0,79.0,67.0,20.0,31.0,29.0,28.0,112.0,20.0,62.0,6.0,28.0,28.0,44.0,66.0,38.0,33.0,38.0,66.0,39.0,93.0,69.0,150.0,35.0,30.0,76.0,9.0,35.0,56.0,53.0,87.0,19.0,51.0,12.0,25.0,81.0,30.0,42.0,20.0,67.0,65.0,25.0,17.0,83.0,104.0,42.0,31.0,40.0,115.0,18.0,20.0,14.0,109.0,45.0,21.0,13.0,54.0,187.0,31.0,47.0,39.0,43.0,59.0,84.0,39.0,13.0,86.0,24.0,96.0,69.0,77.0,0.0,65.0,43.0,149.0,49.0,52.0,31.0,31.0,56.0,34.0,16.0,32.0,27.0,78.0,40.0,41.0,36.0,51.0,52.0,47.0,54.0,65.0,15.0,53.0,34.0,53.0,99.0,40.0,16.0,97.0,124.0
38.0,41.0,71.0,52.0,98.0,53.0,154.0,25.0,18.0,20.0,93.0,107.0,7.0,146.0,10.0,46.0,55.0,9.0,46.0,151.0,16.0,55.0,118.0,79.0,22.0,52.0,35.0,44.0,168.0,21.0,108.0,17.0,60.0,52.0,58.0,149.0,91.0,57.0,64.0,112.0,81.0,143.0,116.0,277.0,53.0,73.0,131.0,26.0,58.0,76.0,98.0,174.0,25.0,87.0,14.0,47.0,83.0,65.0,82.0,19.0,113.0,67.0,44.0,12.0,119.0,146.0,39.0,43.0,84.0,184.0,31.0,22.0,43.0,188.0,67.0,32.0,29.0,93.0,326.0,38.0,69.0,46.0,65.0,73.0,119.0,75.0,20.0,147.0,35.0,134.0,109.0,148.0,51.0,0.0,62.0,238.0,112.0,91.0,42.0,55.0,74.0,55.0,20.0,51.0,45.0,97.0,47.0,54.0,52.0,83.0,79.0,49.0,86.0,96.0,15.0,95.0,49.0,78.0,155.0,66.0,25.0,148.0,179.0
28.0,21.0,62.0,43.0,64.0,45.0,82.0,14.0,10.0,20.0,37.0,76.0,12.0,99.0,7.0,31.0,47.0,13.0,37.0,80.0,13.0,32.0,75.0,91.0,17.0,47.0,26.0,29.0,109.0,13.0,74.0,9.0,41.0,41.0,45.0,87.0,48.0,40.0,37.0,76.0,47.0,102.0,80.0,143.0,47.0,45.0,71.0,15.0,41.0,70.0,69.0,111.0,16.0,45.0,10.0,34.0,68.0,37.0,39.0,9.0,65.0,61.0,36.0,16.0,73.0,106.0,33.0,35.0,49.0,122.0,12.0,10.0,25.0,125.0,52.0,36.0,18.0,78.0,206.0,32.0,42.0,27.0,45.0,41.0,98.0,47.0,10.0,93.0,29.0,86.0,73.0,106.0,40.0,61.0,0.0,155.0,57.0,70.0,29.0,30.0,68.0,41.0,23.0,38.0,30.0,76.0,37.0,36.0,45.0,89.0,69.0,39.0,61.0,63.0,28.0,79.0,41.0,61.0,128.0,38.0,21.0,91.0,127.0
72.0,62.0,139.0,130.0,196.0,138.0,461.0,54.0,34.0,32.0,146.0,266.0,30.0,303.0,22.0,125.0,148.0,30.0,102.0,372.0,56.0,129.0,229.0,254.0,40.0,97.0,69.0,217.0,534.0,56.0,222.0,39.0,111.0,123.0,124.0,288.0,186.0,127.0,115.0,224.0,176.0,339.0,385.0,634.0,130.0,148.0,276.0,24.0,247.0,158.0,224.0,409.0,62.0,197.0,37.0,89.0,166.0,131.0,115.0,53.0,248.0,187.0,161.0,60.0,266.0,336.0,102.0,99.0,173.0,373.0,59.0,55.0,68.0,582.0,132.0,61.0,64.0,176.0,737.0,91.0,129.0,106.0,91.0,171.0,259.0,125.0,51.0,292.0,88.0,311.0,371.0,347.0,111.0,242.0,135.0,0.0,271.0,243.0,122.0,111.0,215.0,105.0,46.0,187.0,117.0,203.0,107.0,103.0,123.0,184.0,180.0,208.0,185.0,354.0,50.0,220.0,212.0,195.0,459.0,139.0,86.0,386.0,546.0
25.0,26.0,48.0,53.0,84.0,38.0,104.0,7.0,12.0,16.0,42.0,86.0,16.0,102.0,8.0,42.0,42.0,5.0,45.0,95.0,16.0,22.0,98.0,82.0,16.0,43.0,20.0,41.0,140.0,21.0,71.0,12.0,57.0,35.0,48.0,108.0,46.0,40.0,63.0,88.0,49.0,105.0,103.0,177.0,42.0,47.0,97.0,15.0,50.0,82.0,60.0,117.0,21.0,71.0,13.0,31.0,63.0,39.0,71.0,20.0,78.0,47.0,30.0,14.0,121.0,98.0,43.0,40.0,44.0,126.0,14.0,21.0,28.0,141.0,46.0,23.0,23.0,61.0,221.0,39.0,58.0,39.0,50.0,47.0,101.0,58.0,12.0,83.0,31.0,128.0,93.0,124.0,52.0,106.0,40.0,209.0,0.0,79.0,25.0,39.0,54.0,29.0,21.0,40.0,44.0,77.0,38.0,37.0,37.0,72.0,58.0,36.0,72.0,94.0,11.0,67.0,52.0,43.0,107.0,37.0,20.0,104.0,157.0
37.0,38.0,58.0,49.0,87.0,59.0,127.0,27.0,8.0,12.0,60.0,89.0,21.0,126.0,5.0,35.0,72.0,16.0,42.0,120.0,19.0,53.0,102.0,111.0,31.0,43.0,27.0,48.0,168.0,25.0,99.0,16.0,55.0,58.0,60.0,106.0,83.0,38.0,67.0,89.0,76.0,123.0,120.0,209.0,53.0,61.0,92.0,22.0,59.0,77.0,104.0,156.0,33.0,80.0,11.0,47.0,95.0,59.0,66.0,28.0,99.0,78.0,61.0,22.0,106.0,151.0,50.0,39.0,70.0,138.0,26.0,31.0,24.0,165.0,42.0,28.0,24.0,74.0,288.0,44.0,65.0,44.0,41.0,67.0,106.0,57.0,17.0,128.0,31.0,124.0,118.0,130.0,55.0,105.0,59.0,196.0,85.0,0.0,41.0,52.0,80.0,45.0,24.0,51.0,38.0,100.0,31.0,50.0,43.0,87.0,82.0,52.0,100.0,114.0,29.0,101.0,44.0,76.0,132.0,54.0,33.0,133.0,168.0
25.0,23.0,32.0,40.0,63.0,30.0,81.0,8.0,8.0,12.0,36.0,68.0,4.0,86.0,7.0,29.0,32.0,4.0,26.0,67.0,10.0,33.0,55.0,52.0,17.0,21.0,29.0,21.0,92.0,11.0,55.0,7.0,35.0,31.0,39.0,60.0,43.0,33.0,40.0,42.0,38.0,100.0,63.0,114.0,28.0,38.0,50.0,7.0,34.0,48.0,63.0,83.0,10.0,41.0,6.0,23.0,52.0,28.0,36.0,22.0,53.0,49.0,33.0,15.0,73.0,113.0,33.0,30.0,39.0,85.0,10.0,15.0,28.0,110.0,46.0,19.0,17.0,39.0,157.0,16.0,32.0,26.0,28.0,26.0,76.0,31.0,7.0,86.0,17.0,91.0,76.0,84.0,40.0,55.0,38.0,131.0,48.0,58.0,0.0,30.0,48.0,36.0,13.0,24.0,37.0,55.0,25.0,31.0,35.0,46.0,49.0,34.0,52.0,60.0,22.0,69.0,19.0,49.0,94.0,31.0,16.0,80.0,99.0
26.0,23.0,39.0,35.0,60.0,49.0,69.0,10.0,12.0,5.0,44.0,73.0,11.0,76.0,8.0,23.0,65.0,9.0,31.0,76.0,12.0,37.0,58.0,45.0,16.0,25.0,12.0,38.0,89.0,11.0,72.0,6.0,27.0,27.0,41.0,62.0,34.0,28.0,30.0,60.0,41.0,78.0,57.0,140.0,23.0,42.0,81.0,17.0,28.0,60.0,71.0,79.0,11.0,49.0,10.0,22.0,45.0,35.0,37.0,12.0,52.0,60.0,29.0,30.0,67.0,98.0,26.0,20.0,36.0,94.0,16.0,24.0,21.0,114.0,49.0,21.0,16.0,40.0,151.0,22.0,41.0,25.0,33.0,35.0,66.0,33.0,9.0,104.0,26.0,89.0,52.0,70.0,40.0,67.0,26.0,130.0,49.0,47.0,22.0,0.0,43.0,46.0,22.0,35.0,46.0,74.0,26.0,36.0,30.0,42.0,47.0,34.0,48.0,56.0,15.0,58.0,37.0,44.0,76.0,25.0,18.0,95.0,100.0
38.0,25.0,61.0,54.0,87.0,67.0,150.0,29.0,20.0,13.0,57.0,116.0,11.0,133.0,9.0,40.0,69.0,10.0,37.0,129.0,17.0,53.0,116.0,111.0,25.0,45.0,31.0,34.0,164.0,31.0,106.0,12.0,41.0,63.0,75.0,94.0,63.0,69.0,50.0,86.0,76.0,173.0,99.0,208.0,53.0,65.0,123.0,22.0,60.0,90.0,98.0,146.0,28.0,106.0,16.0,53.0,84.0,62.0,61.0,30.0,87.0,76.0,55.0,20.0,92.0,174.0,37.0,36.0,68.0,167.0,18.0,25.0,31.0,158.0,63.0,32.0,30.0,73.0,283.0,48.0,72.0,33.0,55.0,51.0,122.0,65.0,20.0,139.0,36.0,133.0,123.0,147.0,48.0,73.0,57.0,199.0,73.0,102.0,41.0,51.0,0.0,70.0,22.0,46.0,46.0,101.0,43.0,40.0,45.0,58.0,94.0,56.0,73.0,102.0,21.0,84.0,45.0,70.0,127.0,60.0,39.0,125.0,176.0
15.0,18.0,46.0,29.0,67.0,53.0,98.0,15.0,16.0,16.0,52.0,73.0,6.0,82.0,8.0,28.0,51.0,8.0,34.0,77.0,16.0,40.0,74.0,63.0,23.0,35.0,17.0,35.0,95.0,11.0,71.0,5.0,36.0,43.0,46.0,60.0,46.0,44.0,29.0,78.0,53.0,98.0,76.0,147.0,39.0,49.0,63.0,14.0,35.0,53.0,77.0,114.0,13.0,58.0,12.0,32.0,64.0,53.0,34.0,25.0,50.0,41.0,60.0,16.0,73.0,126.0,34.0,41.0,50.0,84.0,14.0,19.0,27.0,114.0,39.0,17.0,21.0,56.0,197.0,30.0,46.0,29.0,26.0,35.0,82.0,43.0,10.0,74.0,27.0,89.0,66.0,110.0,37.0,56.0,40.0,163.0,46.0,69.0,28.0,40.0,74.0,0.0,25.0,26.0,31.0,70.0,28.0,36.0,37.0,44.0,60.0,29.0,45.0,85.0,24.0,69.0,34.0,52.0,84.0,44.0,32.0,88.0,120.0
14.0,4.0,21.0,19.0,29.0,28.0,50.0,7.0,7.0,10.0,29.0,34.0,4.0,43.0,11.0,11.0,19.0,10.0,16.0,50.0,13.0,20.0,34.0,39.0,10.0,12.0,21.0,17.0,57.0,8.0,43.0,9.0,20.0,15.0,24.0,39.0,29.0,32.0,21.0,27.0,24.0,42.0,31.0,70.0,19.0,23.0,32.0,16.0,17.0,28.0,42.0,45.0,8.0,18.0,6.0,12.0,34.0,19.0,17.0,8.0,12.0,26.0,19.0,10.0,33.0,52.0,22.0,16.0,25.0,44.0,7.0,10.0,13.0,49.0,34.0,8.0,10.0,24.0,99.0,14.0,18.0,12.0,25.0,19.0,37.0,17.0,10.0,35.0,13.0,37.0,36.0,43.0,9.0,30.0,18.0,80.0,25.0,22.0,15.0,16.0,33.0,22.0,0.0,11.0,15.0,29.0,12.0,25.0,12.0,21.0,29.0,17.0,25.0,44.0,14.0,30.0,16.0,22.0,47.0,23.0,18.0,45.0,44.0
20.0,15.0,36.0,20.0,52.0,37.0,239.0,12.0,16.0,5.0,42.0,60.0,5.0,74.0,5.0,28.0,24.0,11.0,15.0,207.0,13.0,24.0,58.0,56.0,16.0,32.0,17.0,172.0,287.0,11.0,50.0,9.0,26.0,20.0,27.0,68.0,36.0,25.0,41.0,65.0,40.0,74.0,239.0,299.0,30.0,47.0,67.0,15.0,168.0,45.0,50.0,210.0,15.0,54.0,6.0,21.0,50.0,41.0,38.0,7.0,52.0,27.0,33.0,11.0,60.0,66.0,31.0,29.0,40.0,87.0,25.0,17.0,28.0,235.0,41.0,24.0,14.0,47.0,282.0,25.0,38.0,21.0,36.0,35.0,75.0,30.0,12.0,75.0,17.0,70.0,189.0,66.0,41.0,57.0,28.0,328.0,59.0,57.0,20.0,36.0,52.0,21.0,15.0,0.0,29.0,63.0,19.0,31.0,33.0,44.0,48.0,160.0,49.0,224.0,16.0,48.0,164.0,45.0,215.0,29.0,17.0,185.0,228.0
21.0,12.0,34.0,28.0,72.0,44.0,82.0,12.0,14.0,14.0,33.0,43.0,15.0,63.0,5.0,27.0,34.0,12.0,30.0,71.0,10.0,28.0,60.0,64.0,18.0,28.0,13.0,21.0,105.0,17.0,73.0,9.0,27.0,34.0,47.0,67.0,39.0,39.0,22.0,52.0,28.0,104.0,57.0,114.0,41.0,44.0,73.0,9.0,18.0,45.0,68.0,98.0,14.0,45.0,9.0,36.0,49.0,40.0,28.0,10.0,61.0,46.0,48.0,14.0,64.0,87.0,29.0,29.0,36.0,97.0,20.0,12.0,21.0,98.0,31.0,14.0,20.0,59.0,179.0,26.0,37.0,26.0,33.0,38.0,73.0,28.0,14.0,81.0,28.0,72.0,63.0,93.0,39.0,54.0,33.0,147.0,58.0,69.0,29.0,19.0,50.0,44.0,14.0,24.0,0.0,64.0,21.0,28.0,23.0,38.0,58.0,33.0,45.0,56.0,19.0,65.0,22.0,44.0,79.0,40.0,24.0,76.0,109.0
43.0,37.0,95.0,63.0,105.0,80.0,167.0,30.0,21.0,23.0,72.0,130.0,21.0,172.0,11.0,56.0,83.0,18.0,57.0,140.0,21.0,51.0,144.0,129.0,29.0,72.0,39.0,59.0,168.0,37.0,112.0,17.0,67.0,60.0,71.0,159.0,85.0,77.0,80.0,100.0,87.0,140.0,133.0,273.0,71.0,73.0,112.0,25.0,72.0,101.0,137.0,172.0,34.0,94.0,18.0,53.0,97.0,58.0,77.0,28.0,110.0,93.0,73.0,31.0,135.0,186.0,55.0,46.0,77.0,184.0,17.0,34.0,42.0,180.0,52.0,42.0,39.0,85.0,346.0,48.0,79.0,47.0,82.0,59.0,162.0,69.0,30.0,125.0,51.0,147.0,113.0,170.0,68.0,126.0,73.0,256.0,91.0,103.0,59.0,53.0,93.0,60.0,32.0,53.0,53.0,0.0,55.0,53.0,56.0,93.0,100.0,65.0,86.0,133.0,31.0,112.0,56.0,97.0,170.0,69.0,34.0,203.0,222.0
15.0,15.0,29.0,23.0,38.0,33.0,75.0,11.0,7.0,7.0,26.0,46.0,13.0,54.0,4.0,24.0,37.0,10.0,25.0,55.0,15.0,24.0,55.0,42.0,14.0,31.0,21.0,19.0,71.0,8.0,49.0,6.0,17.0,29.0,33.0,44.0,31.0,36.0,31.0,52.0,29.0,59.0,59.0,101.0,25.0,20.0,48.0,15.0,34.0,33.0,53.0,65.0,14.0,34.0,7.0,18.0,31.0,23.0,25.0,11.0,39.0,30.0,33.0,7.0,48.0,69.0,17.0,22.0,31.0,69.0,11.0,11.0,8.0,77.0,14.0,14.0,17.0,36.0,132.0,21.0,29.0,17.0,21.0,27.0,59.0,33.0,13.0,60.0,22.0,55.0,51.0,55.0,24.0,51.0,34.0,107.0,45.0,44.0,12.0,20.0,41.0,22.0,15.0,20.0,23.0,30.0,0.0,25.0,24.0,44.0,36.0,27.0,50.0,45.0,11.0,41.0,18.0,32.0,70.0,24.0,14.0,50.0,89.0
13.0,13.0,27.0,32.0,45.0,41.0,89.0,12.0,11.0,10.0,28.0,48.0,8.0,55.0,7.0,18.0,34.0,11.0,21.0,79.0,6.0,27.0,35.0,34.0,15.0,26.0,17.0,20.0,78.0,10.0,47.0,10.0,17.0,34.0,34.0,50.0,39.0,33.0,32.0,54.0,42.0,80.0,52.0,116.0,23.0,42.0,60.0,3.0,26.0,43.0,43.0,70.0,12.0,47.0,7.0,25.0,27.0,18.0,30.0,22.0,44.0,33.0,31.0,6.0,75.0,69.0,21.0,23.0,27.0,67.0,10.0,10.0,20.0,86.0,29.0,7.0,15.0,33.0,131.0,23.0,21.0,12.0,25.0,30.0,64.0,21.0,8.0,65.0,19.0,62.0,55.0,63.0,21.0,52.0,20.0,95.0,40.0,52.0,21.0,25.0,48.0,31.0,8.0,22.0,29.0,49.0,16.0,0.0,23.0,46.0,34.0,27.0,48.0,63.0,14.0,44.0,23.0,39.0,67.0,23.0,8.0,58.0,76.0
24.0,26.0,43.0,39.0,46.0,38.0,94.0,18.0,8.0,6.0,45.0,74.0,15.0,75.0,10.0,36.0,39.0,5.0,27.0,91.0,20.0,35.0,69.0,57.0,16.0,39.0,23.0,26.0,84.0,23.0,74.0,5.0,39.0,32.0,42.0,74.0,44.0,35.0,44.0,61.0,51.0,103.0,77.0,146.0,40.0,50.0,90.0,13.0,37.0,56.0,82.0,114.0,21.0,53.0,13.0,38.0,52.0,50.0,57.0,15.0,68.0,52.0,28.0,14.0,91.0,97.0,20.0,25.0,31.0,108.0,17.0,21.0,21.0,116.0,36.0,14.0,20.0,40.0,182.0,26.0,53.0,26.0,39.0,43.0,90.0,47.0,15.0,72.0,30.0,92.0,77.0,89.0,39.0,58.0,39.0,143.0,54.0,55.0,20.0,26.0,58.0,22.0,13.0,26.0,26.0,61.0,31.0,37.0,0.0,42.0,53.0,37.0,60.0,58.0,18.0,61.0,34.0,59.0,95.0,42.0,14.0,74.0,101.0
22.0,24.0,57.0,51.0,65.0,63.0,122.0,25.0,15.0,11.0,52.0,92.0,12.0,114.0,8.0,37.0,47.0,15.0,38.0,117.0,16.0,44.0,94.0,83.0,24.0,33.0,23.0,39.0,137.0,17.0,77.0,14.0,45.0,33.0,37.0,84.0,63.0,53.0,47.0,85.0,58.0,118.0,100.0,192.0,33.0,50.0,99.0,18.0,54.0,67.0,77.0,146.0,15.0,88.0,17.0,36.0,80.0,33.0,75.0,24.0,79.0,56.0,43.0,20.0,102.0,115.0,45.0,31.0,45.0,143.0,23.0,23.0,32.0,140.0,63.0,37.0,21.0,62.0,269.0,31.0,58.0,37.0,47.0,41.0,107.0,39.0,10.0,108.0,53.0,125.0,91.0,97.0,61.0,72.0,65.0,169.0,74.0,60.0,30.0,31.0,64.0,48.0,23.0,39.0,30.0,66.0,36.0,40.0,41.0,0.0,55.0,48.0,71.0,93.0,24.0,59.0,39.0,57.0,104.0,47.0,32.0,117.0,137.0
27.0,31.0,51.0,46.0,79.0,52.0,154.0,20.0,22.0,16.0,44.0,83.0,15.0,119.0,9.0,43.0,69.0,11.0,35.0,97.0,15.0,44.0,87.0,85.0,32.0,60.0,22.0,41.0,130.0,18.0,67.0,14.0,37.0,59.0,54.0,110.0,59.0,58.0,43.0,84.0,55.0,134.0,82.0,209.0,55.0,56.0,88.0,17.0,75.0,65.0,75.0,118.0,20.0,56.0,12.0,35.0,78.0,58.0,42.0,20.0,73.0,76.0,57.0,11.0,77.0,123.0,47.0,44.0,57.0,144.0,24.0,20.0,33.0,139.0,65.0,34.0,15.0,74.0,234.0,35.0,52.0,51.0,59.0,74.0,92.0,48.0,20.0,110.0,50.0,116.0,87.0,109.0,39.0,90.0,51.0,159.0,60.0,69.0,37.0,45.0,64.0,61.0,22.0,24.0,52.0,97.0,29.0,58.0,50.0,70.0,0.0,49.0,62.0,96.0,25.0,98.0,64.0,72.0,129.0,62.0,31.0,115.0,153.0
25.0,30.0,24.0,31.0,55.0,35.0,170.0,10.0,13.0,6.0,43.0,73.0,7.0,77.0,5.0,29.0,37.0,11.0,27.0,224.0,19.0,30.0,67.0,68.0,12.0,33.0,16.0,152.0,228.0,18.0,48.0,7.0,36.0,34.0,34.0,78.0,37.0,28.0,40.0,67.0,27.0,78.0,218.0,242.0,39.0,32.0,62.0,14.0,182.0,46.0,54.0,190.0,13.0,57.0,5.0,30.0,38.0,29.0,37.0,14.0,65.0,52.0,34.0,11.0,62.0,86.0,31.0,30.0,46.0,122.0,22.0,12.0,26.0,235.0,38.0,13.0,23.0,50.0,287.0,26.0,47.0,34.0,43.0,37.0,58.0,25.0,11.0,81.0,23.0,84.0,214.0,74.0,36.0,55.0,34.0,301.0,41.0,65.0,21.0,29.0,41.0,23.0,10.0,134.0,36.0,65.0,29.0,24.0,33.0,48.0,38.0,0.0,71.0,212.0,19.0,58.0,157.0,47.0,176.0,33.0,19.0,208.0,198.0
27.0,31.0,60.0,51.0,91.0,60.0,107.0,20.0,17.0,16.0,51.0,127.0,21.0,116.0,7.0,47.0,75.0,14.0,44.0,126.0,23.0,46.0,108.0,98.0,29.0,34.0,23.0,33.0,131.0,18.0,73.0,3.0,52.0,58.0,60.0,110.0,63.0,41.0,58.0,83.0,60.0,121.0,114.0,227.0,49.0,47.0,108.0,18.0,48.0,80.0,92.0,110.0,29.0,83.0,16.0,38.0,85.0,54.0,55.0,19.0,103.0,51.0,52.0,15.0,104.0,117.0,44.0,29.0,60.0,168.0,30.0,23.0,43.0,151.0,57.0,26.0,22.0,62.0,296.0,36.0,53.0,46.0,44.0,58.0,109.0,58.0,19.0,118.0,37.0,141.0,84.0,120.0,49.0,93.0,52.0,207.0,67.0,90.0,33.0,38.0,71.0,38.0,24.0,59.0,38.0,86.0,47.0,35.0,50.0,73.0,63.0,57.0,0.0,93.0,25.0,79.0,49.0,71.0,133.0,49.0,29.0,118.0,178.0
39.0,43.0,79.0,78.0,125.0,71.0,272.0,23.0,23.0,13.0,67.0,124.0,14.0,198.0,13.0,61.0,84.0,15.0,51.0,272.0,30.0,66.0,112.0,127.0,47.0,63.0,30.0,184.0,394.0,32.0,96.0,15.0,51.0,66.0,79.0,133.0,97.0,56.0,57.0,113.0,88.0,189.0,270.0,402.0,73.0,89.0,111.0,37.0,179.0,122.0,126.0,293.0,24.0,108.0,19.0,58.0,94.0,55.0,90.0,22.0,102.0,81.0,81.0,30.0,132.0,207.0,61.0,40.0,97.0,199.0,41.0,33.0,50.0,355.0,75.0,33.0,24.0,95.0,441.0,43.0,81.0,53.0,81.0,76.0,136.0,54.0,25.0,166.0,43.0,160.0,263.0,146.0,63.0,122.0,69.0,449.0,102.0,106.0,46.0,65.0,109.0,60.0,35.0,187.0,59.0,120.0,41.0,65.0,67.0,108.0,83.0,173.0,123.0,0.0,31.0,112.0,174.0,104.0,292.0,64.0,35.0,254.0,332.0
12.0,10.0,13.0,17.0,22.0,18.0,29.0,6.0,5.0,2.0,18.0,18.0,6.0,45.0,4.0,7.0,12.0,4.0,12.0,25.0,3.0,14.0,33.0,29.0,7.0,9.0,10.0,11.0,30.0,12.0,24.0,7.0,13.0,17.0,19.0,27.0,17.0,7.0,13.0,25.0,16.0,35.0,34.0,44.0,23.0,16.0,21.0,9.0,13.0,15.0,20.0,28.0,6.0,24.0,8.0,15.0,23.0,19.0,13.0,6.0,19.0,25.0,16.0,3.0,21.0,38.0,17.0,8.0,18.0,36.0,3.0,5.0,8.0,36.0,12.0,6.0,4.0,24.0,73.0,6.0,14.0,10.0,18.0,23.0,32.0,14.0,4.0,34.0,7.0,19.0,18.0,33.0,11.0,19.0,15.0,50.0,16.0,25.0,9.0,7.0,31.0,12.0,6.0,11.0,24.0,28.0,15.0,14.0,10.0,20.0,16.0,13.0,15.0,17.0,0.0,28.0,11.0,21.0,36.0,17.0,17.0,29.0,38.0
45.0,28.0,53.0,59.0,84.0,84.0,123.0,25.0,20.0,16.0,70.0,121.0,23.0,154.0,12.0,49.0,72.0,15.0,52.0,147.0,20.0,49.0,134.0,127.0,21.0,43.0,23.0,31.0,165.0,28.0,100.0,15.0,69.0,60.0,84.0,100.0,75.0,70.0,53.0,121.0,88.0,187.0,109.0,225.0,59.0,65.0,128.0,18.0,69.0,74.0,92.0,162.0,32.0,79.0,21.0,49.0,102.0,77.0,50.0,27.0,101.0,86.0,64.0,20.0,119.0,200.0,67.0,30.0,62.0,163.0,24.0,33.0,39.0,182.0,65.0,24.0,24.0,97.0,327.0,38.0,57.0,47.0,44.0,65.0,148.0,73.0,12.0,131.0,41.0,124.0,117.0,154.0,58.0,117.0,56.0,244.0,73.0,85.0,51.0,43.0,109.0,62.0,25.0,34.0,56.0,114.0,49.0,50.0,63.0,61.0,88.0,62.0,80.0,106.0,33.0,0.0,51.0,80.0,137.0,63.0,40.0,136.0,203.0
22.0,15.0,33.0,37.0,39.0,29.0,181.0,11.0,11.0,11.0,26.0,46.0,14.0,67.0,8.0,21.0,36.0,5.0,36.0,174.0,10.0,36.0,69.0,53.0,27.0,29.0,23.0,117.0,237.0,12.0,61.0,3.0,26.0,27.0,25.0,56.0,31.0,21.0,43.0,44.0,33.0,66.0,212.0,246.0,32.0,44.0,67.0,9.0,145.0,31.0,49.0,187.0,12.0,34.0,10.0,28.0,65.0,25.0,26.0,11.0,45.0,39.0,36.0,15.0,51.0,72.0,28.0,25.0,45.0,82.0,14.0,12.0,20.0,202.0,29.0,17.0,11.0,48.0,257.0,18.0,35.0,24.0,29.0,34.0,70.0,31.0,11.0,78.0,22.0,92.0,143.0,85.0,27.0,46.0,18.0,260.0,41.0,35.0,23.0,16.0,40.0,32.0,11.0,103.0,23.0,63.0,22.0,18.0,25.0,35.0,52.0,143.0,50.0,182.0,14.0,43.0,0.0,40.0,149.0,37.0,24.0,183.0,201.0
30.0,28.0,49.0,36.0,92.0,48.0,126.0,21.0,7.0,17.0,60.0,102.0,6.0,108.0,9.0,38.0,51.0,11.0,41.0,115.0,15.0,39.0,83.0,89.0,26.0,38.0,31.0,35.0,164.0,20.0,85.0,11.0,42.0,47.0,49.0,107.0,71.0,61.0,64.0,77.0,57.0,120.0,94.0,195.0,52.0,51.0,101.0,25.0,44.0,54.0,79.0,153.0,23.0,85.0,14.0,46.0,72.0,43.0,68.0,16.0,96.0,66.0,63.0,29.0,95.0,129.0,37.0,34.0,44.0,130.0,21.0,24.0,28.0,150.0,48.0,25.0,32.0,63.0,241.0,34.0,47.0,36.0,52.0,66.0,84.0,48.0,12.0,128.0,24.0,119.0,101.0,120.0,58.0,100.0,37.0,210.0,65.0,71.0,29.0,45.0,68.0,51.0,24.0,34.0,36.0,100.0,29.0,50.0,44.0,67.0,54.0,55.0,89.0,101.0,27.0,78.0,41.0,0.0,114.0,41.0,32.0,114.0,139.0
59.0,44.0,85.0,74.0,129.0,88.0,396.0,37.0,19.0,30.0,97.0,170.0,29.0,175.0,9.0,87.0,89.0,19.0,64.0,339.0,35.0,86.0,178.0,143.0,40.0,73.0,36.0,211.0,454.0,38.0,115.0,17.0,78.0,78.0,87.0,154.0,95.0,78.0,84.0,151.0,101.0,201.0,322.0,491.0,102.0,90.0,163.0,32.0,219.0,101.0,130.0,358.0,54.0,118.0,12.0,76.0,122.0,76.0,92.0,20.0,130.0,116.0,76.0,34.0,181.0,226.0,74.0,69.0,91.0,272.0,23.0,50.0,52.0,432.0,78.0,32.0,32.0,117.0,569.0,47.0,109.0,64.0,78.0,78.0,169.0,88.0,28.0,207.0,56.0,218.0,319.0,166.0,90.0,127.0,79.0,590.0,119.0,116.0,70.0,72.0,90.0,80.0,27.0,188.0,72.0,156.0,81.0,72.0,70.0,113.0,101.0,237.0,141.0,327.0,44.0,157.0,187.0,120.0,0.0,87.0,53.0,333.0,405.0
13.0,24.0,35.0,41.0,51.0,40.0,98.0,13.0,10.0,12.0,32.0,64.0,15.0,69.0,5.0,39.0,36.0,10.0,30.0,76.0,17.0,28.0,82.0,70.0,11.0,33.0,15.0,24.0,100.0,15.0,58.0,6.0,23.0,36.0,38.0,93.0,35.0,40.0,35.0,57.0,44.0,93.0,74.0,138.0,32.0,29.0,81.0,13.0,36.0,39.0,64.0,88.0,13.0,52.0,4.0,36.0,58.0,40.0,33.0,10.0,59.0,58.0,33.0,9.0,76.0,101.0,34.0,34.0,43.0,105.0,17.0,22.0,24.0,87.0,38.0,18.0,14.0,60.0,191.0,35.0,46.0,27.0,36.0,36.0,86.0,39.0,11.0,87.0,31.0,87.0,65.0,87.0,32.0,59.0,35.0,129.0,49.0,42.0,20.0,28.0,57.0,31.0,10.0,28.0,33.0,60.0,32.0,27.0,23.0,64.0,58.0,38.0,56.0,81.0,21.0,69.0,38.0,51.0,87.0,0.0,27.0,100.0,118.0
16.0,11.0,12.0,32.0,39.0,25.0,56.0,12.0,5.0,8.0,22.0,42.0,5.0,40.0,6.0,14.0,34.0,9.0,13.0,55.0,4.0,15.0,45.0,51.0,12.0,13.0,10.0,17.0,55.0,8.0,31.0,6.0,17.0,17.0,22.0,44.0,30.0,22.0,12.0,45.0,30.0,63.0,45.0,71.0,21.0,11.0,40.0,9.0,35.0,21.0,39.0,58.0,8.0,30.0,7.0,15.0,38.0,20.0,18.0,5.0,30.0,29.0,37.0,13.0,42.0,64.0,18.0,19.0,32.0,62.0,4.0,9.0,5.0,68.0,21.0,8.0,7.0,22.0,101.0,18.0,20.0,20.0,26.0,19.0,43.0,18.0,8.0,48.0,16.0,27.0,39.0,60.0,25.0,32.0,12.0,76.0,24.0,28.0,15.0,15.0,36.0,15.0,11.0,11.0,23.0,31.0,16.0,20.0,20.0,31.0,40.0,24.0,28.0,36.0,12.0,23.0,19.0,28.0,48.0,26.0,0.0,48.0,63.0
48.0,45.0,82.0,87.0,141.0,108.0,304.0,38.0,27.0,14.0,77.0,145.0,24.0,208.0,16.0,68.0,98.0,19.0,72.0,344.0,20.0,97.0,165.0,175.0,32.0,69.0,45.0,187.0,382.0,40.0,131.0,21.0,68.0,81.0,86.0,153.0,121.0,96.0,92.0,166.0,98.0,230.0,374.0,465.0,68.0,77.0,165.0,27.0,202.0,116.0,140.0,378.0,37.0,129.0,19.0,78.0,119.0,84.0,84.0,27.0,160.0,115.0,80.0,20.0,158.0,212.0,82.0,51.0,101.0,264.0,30.0,44.0,43.0,414.0,78.0,52.0,39.0,122.0,567.0,54.0,81.0,64.0,72.0,80.0,179.0,96.0,21.0,200.0,47.0,222.0,288.0,198.0,77.0,143.0,94.0,513.0,122.0,118.0,63.0,73.0,127.0,73.0,35.0,196.0,67.0,138.0,72.0,54.0,53.0,124.0,113.0,207.0,131.0,269.0,34.0,148.0,226.0,111.0,342.0,91.0,51.0,0.0,376.0
65.0,75.0,100.0,95.0,204.0,123.0,382.0,37.0,23.0,32.0,101.0,166.0,32.0,239.0,19.0,78.0,88.0,21.0,70.0,362.0,40.0,77.0,205.0,180.0,40.0,82.0,49.0,248.0,477.0,44.0,170.0,35.0,98.0,89.0,98.0,199.0,113.0,112.0,107.0,181.0,131.0,256.0,375.0,625.0,92.0,108.0,177.0,36.0,240.0,126.0,174.0,354.0,38.0,152.0,30.0,80.0,128.0,102.0,91.0,34.0,189.0,122.0,101.0,39.0,198.0,265.0,109.0,95.0,138.0,289.0,47.0,50.0,63.0,458.0,88.0,47.0,49.0,127.0,671.0,62.0,109.0,105.0,81.0,109.0,220.0,91.0,20.0,204.0,54.0,262.0,347.0,241.0,111.0,152.0,101.0,613.0,171.0,148.0,72.0,79.0,131.0,88.0,40.0,221.0,82.0,180.0,81.0,69.0,85.0,136.0,129.0,219.0,171.0,379.0,51.0,174.0,247.0,116.0,396.0,93.0,53.0,355.0,0.0
